Session;Participant;Block;Condition;Display;OnsetDelay;Percept;Time
2018-12-12-15-51-08;MSW1998w;1;Passive;KDE -45;1,19264047353;left;3,3026083203
2018-12-12-15-51-08;MSW1998w;1;Passive;KDE -45;1,19264047353;unclear;8,07288568447
2018-12-12-15-51-08;MSW1998w;1;Passive;KDE -45;1,19264047353;right;8,15628090445
2018-12-12-15-51-08;MSW1998w;1;Passive;KDE -45;1,19264047353;unclear;27,7045546711
2018-12-12-15-51-08;MSW1998w;1;Passive;KDE -45;1,19264047353;left;27,8047022039
2018-12-12-15-51-08;MSW1998w;1;Passive;KDE -45;1,19264047353;unclear;38,5128755338
2018-12-12-15-51-08;MSW1998w;1;Passive;KDE -45;1,19264047353;right;38,612987303
2018-12-12-15-51-08;MSW1998w;1;Passive;KDE -45;1,19264047353;unclear;49,8715245513
2018-12-12-15-51-08;MSW1998w;1;Passive;KDE -45;1,19264047353;left;50,0050467166
2018-12-12-15-51-08;MSW1998w;1;Passive;KDE -45;1,19264047353;unclear;57,4607585749
2018-12-12-15-51-08;MSW1998w;1;Passive;KDE -45;1,19264047353;right;57,5274770522
2018-12-12-15-51-08;MSW1998w;1;Passive;KDE -45;1,19264047353;end of the block;60,0127234606
2018-12-12-15-51-08;MSW1998w;2;Passive;KDE 45;1,0020544488;left;0,65058049059
2018-12-12-15-51-08;MSW1998w;2;Passive;KDE 45;1,0020544488;unclear;9,67410146177
2018-12-12-15-51-08;MSW1998w;2;Passive;KDE 45;1,0020544488;right;9,80753344056
2018-12-12-15-51-08;MSW1998w;2;Passive;KDE 45;1,0020544488;unclear;24,6356064083
2018-12-12-15-51-08;MSW1998w;2;Passive;KDE 45;1,0020544488;left;24,6856608935
2018-12-12-15-51-08;MSW1998w;2;Passive;KDE 45;1,0020544488;unclear;32,1080435234
2018-12-12-15-51-08;MSW1998w;2;Passive;KDE 45;1,0020544488;right;32,1914213281
2018-12-12-15-51-08;MSW1998w;2;Passive;KDE 45;1,0020544488;unclear;34,9935277134
2018-12-12-15-51-08;MSW1998w;2;Passive;KDE 45;1,0020544488;left;35,0269060778
2018-12-12-15-51-08;MSW1998w;2;Passive;KDE 45;1,0020544488;unclear;44,2172507647
2018-12-12-15-51-08;MSW1998w;2;Passive;KDE 45;1,0020544488;right;44,2506493434
2018-12-12-15-51-08;MSW1998w;2;Passive;KDE 45;1,0020544488;unclear;49,8220879997
2018-12-12-15-51-08;MSW1998w;2;Passive;KDE 45;1,0020544488;left;49,8549560325
2018-12-12-15-51-08;MSW1998w;2;Passive;KDE 45;1,0020544488;unclear;56,0429950528
2018-12-12-15-51-08;MSW1998w;2;Passive;KDE 45;1,0020544488;right;56,1097483608
2018-12-12-15-51-08;MSW1998w;2;Passive;KDE 45;1,0020544488;end of the block;60,0127016914
2018-12-12-15-51-08;MSW1998w;3;Passive;NC;1,20393688831;right;2,1016878574
2018-12-12-15-51-08;MSW1998w;3;Passive;NC;1,20393688831;unclear;50,8556843669
2018-12-12-15-51-08;MSW1998w;3;Passive;NC;1,20393688831;left;50,9724694578
2018-12-12-15-51-08;MSW1998w;3;Passive;NC;1,20393688831;end of the block;60,0126951607
2018-12-12-15-51-08;MSW1998w;4;Passive;KDE -45;1,23243857219;right;1,43448971189
2018-12-12-15-51-08;MSW1998w;4;Passive;KDE -45;1,23243857219;unclear;7,47245795128
2018-12-12-15-51-08;MSW1998w;4;Passive;KDE -45;1,23243857219;left;7,55588862393
2018-12-12-15-51-08;MSW1998w;4;Passive;KDE -45;1,23243857219;unclear;16,2124861144
2018-12-12-15-51-08;MSW1998w;4;Passive;KDE -45;1,23243857219;right;16,3125935297
2018-12-12-15-51-08;MSW1998w;4;Passive;KDE -45;1,23243857219;unclear;23,0177418773
2018-12-12-15-51-08;MSW1998w;4;Passive;KDE -45;1,23243857219;left;23,1010528195
2018-12-12-15-51-08;MSW1998w;4;Passive;KDE -45;1,23243857219;unclear;27,9888865254
2018-12-12-15-51-08;MSW1998w;4;Passive;KDE -45;1,23243857219;left;28,4885954404
2018-12-12-15-51-08;MSW1998w;4;Passive;KDE -45;1,23243857219;unclear;32,0746747996
2018-12-12-15-51-08;MSW1998w;4;Passive;KDE -45;1,23243857219;right;32,1080158455
2018-12-12-15-51-08;MSW1998w;4;Passive;KDE -45;1,23243857219;unclear;33,7425456126
2018-12-12-15-51-08;MSW1998w;4;Passive;KDE -45;1,23243857219;left;33,7759653385
2018-12-12-15-51-08;MSW1998w;4;Passive;KDE -45;1,23243857219;unclear;38,5462193785
2018-12-12-15-51-08;MSW1998w;4;Passive;KDE -45;1,23243857219;right;38,5796614956
2018-12-12-15-51-08;MSW1998w;4;Passive;KDE -45;1,23243857219;unclear;47,1195183663
2018-12-12-15-51-08;MSW1998w;4;Passive;KDE -45;1,23243857219;left;47,1695461065
2018-12-12-15-51-08;MSW1998w;4;Passive;KDE -45;1,23243857219;unclear;52,556968997
2018-12-12-15-51-08;MSW1998w;4;Passive;KDE -45;1,23243857219;right;52,6237527818
2018-12-12-15-51-08;MSW1998w;4;Passive;KDE -45;1,23243857219;unclear;58,7450630622
2018-12-12-15-51-08;MSW1998w;4;Passive;KDE -45;1,23243857219;left;58,8952246517
2018-12-12-15-51-08;MSW1998w;4;Passive;KDE -45;1,23243857219;end of the block;60,0127271924
2018-12-12-15-51-08;MSW1998w;5;Passive;KDE 45;1,19214872081;left;0,850748362025
2018-12-12-15-51-08;MSW1998w;5;Passive;KDE 45;1,19214872081;unclear;11,2420041822
2018-12-12-15-51-08;MSW1998w;5;Passive;KDE 45;1,19214872081;right;11,2920577343
2018-12-12-15-51-08;MSW1998w;5;Passive;KDE 45;1,19214872081;unclear;16,4626633777
2018-12-12-15-51-08;MSW1998w;5;Passive;KDE 45;1,19214872081;left;16,4793889455
2018-12-12-15-51-08;MSW1998w;5;Passive;KDE 45;1,19214872081;unclear;21,8000918037
2018-12-12-15-51-08;MSW1998w;5;Passive;KDE 45;1,19214872081;right;21,8334636374
2018-12-12-15-51-08;MSW1998w;5;Passive;KDE 45;1,19214872081;unclear;28,0049117478
2018-12-12-15-51-08;MSW1998w;5;Passive;KDE 45;1,19214872081;left;28,0382136091
2018-12-12-15-51-08;MSW1998w;5;Passive;KDE 45;1,19214872081;right;35,4439605468
2018-12-12-15-51-08;MSW1998w;5;Passive;KDE 45;1,19214872081;unclear;37,2119051884
2018-12-12-15-51-08;MSW1998w;5;Passive;KDE 45;1,19214872081;right;37,3287080057
2018-12-12-15-51-08;MSW1998w;5;Passive;KDE 45;1,19214872081;unclear;48,4538546366
2018-12-12-15-51-08;MSW1998w;5;Passive;KDE 45;1,19214872081;left;48,4705547034
2018-12-12-15-51-08;MSW1998w;5;Passive;KDE 45;1,19214872081;unclear;55,392497907
2018-12-12-15-51-08;MSW1998w;5;Passive;KDE 45;1,19214872081;right;55,3932309063
2018-12-12-15-51-08;MSW1998w;5;Passive;KDE 45;1,19214872081;left;59,6791394707
2018-12-12-15-51-08;MSW1998w;5;Passive;KDE 45;1,19214872081;end of the block;60,0127315463
2018-12-12-15-51-08;MSW1998w;6;Passive;NC;1,4868481569;right;0,817353204236
2018-12-12-15-51-08;MSW1998w;6;Passive;NC;1,4868481569;unclear;9,19049178431
2018-12-12-15-51-08;MSW1998w;6;Passive;NC;1,4868481569;left;9,22379426762
2018-12-12-15-51-08;MSW1998w;6;Passive;NC;1,4868481569;unclear;12,9433594066
2018-12-12-15-51-08;MSW1998w;6;Passive;NC;1,4868481569;right;13,0267113992
2018-12-12-15-51-08;MSW1998w;6;Passive;NC;1,4868481569;unclear;24,035157528
2018-12-12-15-51-08;MSW1998w;6;Passive;NC;1,4868481569;left;24,0684920431
2018-12-12-15-51-08;MSW1998w;6;Passive;NC;1,4868481569;unclear;29,3725573431
2018-12-12-15-51-08;MSW1998w;6;Passive;NC;1,4868481569;right;29,4059151823
2018-12-12-15-51-08;MSW1998w;6;Passive;NC;1,4868481569;unclear;35,6440351218
2018-12-12-15-51-08;MSW1998w;6;Passive;NC;1,4868481569;left;35,6441004293
2018-12-12-15-51-08;MSW1998w;6;Passive;NC;1,4868481569;unclear;39,1634047113
2018-12-12-15-51-08;MSW1998w;6;Passive;NC;1,4868481569;right;39,1967731242
2018-12-12-15-51-08;MSW1998w;6;Passive;NC;1,4868481569;unclear;45,2347143076
2018-12-12-15-51-08;MSW1998w;6;Passive;NC;1,4868481569;left;45,2513879404
2018-12-12-15-51-08;MSW1998w;6;Passive;NC;1,4868481569;unclear;51,1892761314
2018-12-12-15-51-08;MSW1998w;6;Passive;NC;1,4868481569;right;51,2393331044
2018-12-12-15-51-08;MSW1998w;6;Passive;NC;1,4868481569;unclear;56,6602049537
2018-12-12-15-51-08;MSW1998w;6;Passive;NC;1,4868481569;left;56,6768341152
2018-12-12-15-51-08;MSW1998w;6;Passive;NC;1,4868481569;end of the block;60,0127203507
2018-12-12-15-51-08;MSW1998w;7;Passive;KDE -45;1,01864625946;right;1,6514425499
2018-12-12-15-51-08;MSW1998w;7;Passive;KDE -45;1,01864625946;unclear;3,83634649809
2018-12-12-15-51-08;MSW1998w;7;Passive;KDE -45;1,01864625946;left;3,85301328915
2018-12-12-15-51-08;MSW1998w;7;Passive;KDE -45;1,01864625946;unclear;7,17297164161
2018-12-12-15-51-08;MSW1998w;7;Passive;KDE -45;1,01864625946;right;7,25565656453
2018-12-12-15-51-08;MSW1998w;7;Passive;KDE -45;1,01864625946;unclear;11,525584067
2018-12-12-15-51-08;MSW1998w;7;Passive;KDE -45;1,01864625946;left;11,5589779808
2018-12-12-15-51-08;MSW1998w;7;Passive;KDE -45;1,01864625946;unclear;14,9281785172
2018-12-12-15-51-08;MSW1998w;7;Passive;KDE -45;1,01864625946;right;14,9782345573
2018-12-12-15-51-08;MSW1998w;7;Passive;KDE -45;1,01864625946;unclear;20,1488324259
2018-12-12-15-51-08;MSW1998w;7;Passive;KDE -45;1,01864625946;left;20,1655688783
2018-12-12-15-51-08;MSW1998w;7;Passive;KDE -45;1,01864625946;unclear;22,9343037409
2018-12-12-15-51-08;MSW1998w;7;Passive;KDE -45;1,01864625946;right;23,0177076686
2018-12-12-15-51-08;MSW1998w;7;Passive;KDE -45;1,01864625946;unclear;28,9555311741
2018-12-12-15-51-08;MSW1998w;7;Passive;KDE -45;1,01864625946;left;28,9889390824
2018-12-12-15-51-08;MSW1998w;7;Passive;KDE -45;1,01864625946;unclear;37,0785192359
2018-12-12-15-51-08;MSW1998w;7;Passive;KDE -45;1,01864625946;right;37,1952654533
2018-12-12-15-51-08;MSW1998w;7;Passive;KDE -45;1,01864625946;unclear;42,749550933
2018-12-12-15-51-08;MSW1998w;7;Passive;KDE -45;1,01864625946;left;42,7661785396
2018-12-12-15-51-08;MSW1998w;7;Passive;KDE -45;1,01864625946;unclear;45,9185724024
2018-12-12-15-51-08;MSW1998w;7;Passive;KDE -45;1,01864625946;right;46,0020068069
2018-12-12-15-51-08;MSW1998w;7;Passive;KDE -45;1,01864625946;left;49,3211970185
2018-12-12-15-51-08;MSW1998w;7;Passive;KDE -45;1,01864625946;end of the block;60,0128574965
2018-12-12-15-51-08;MSW1998w;8;Passive;KDE 45;1,41635298714;left;0,733939324957
2018-12-12-15-51-08;MSW1998w;8;Passive;KDE 45;1,41635298714;unclear;13,2936120534
2018-12-12-15-51-08;MSW1998w;8;Passive;KDE 45;1,41635298714;right;13,3435940783
2018-12-12-15-51-08;MSW1998w;8;Passive;KDE 45;1,41635298714;unclear;19,765164096
2018-12-12-15-51-08;MSW1998w;8;Passive;KDE 45;1,41635298714;left;19,7818822002
2018-12-12-15-51-08;MSW1998w;8;Passive;KDE 45;1,41635298714;unclear;27,6379422408
2018-12-12-15-51-08;MSW1998w;8;Passive;KDE 45;1,41635298714;right;27,6379991516
2018-12-12-15-51-08;MSW1998w;8;Passive;KDE 45;1,41635298714;unclear;33,4423048456
2018-12-12-15-51-08;MSW1998w;8;Passive;KDE 45;1,41635298714;left;33,4595227077
2018-12-12-15-51-08;MSW1998w;8;Passive;KDE 45;1,41635298714;unclear;44,8344460491
2018-12-12-15-51-08;MSW1998w;8;Passive;KDE 45;1,41635298714;right;44,8677892719
2018-12-12-15-51-08;MSW1998w;8;Passive;KDE 45;1,41635298714;unclear;55,342467368
2018-12-12-15-51-08;MSW1998w;8;Passive;KDE 45;1,41635298714;left;55,3758118347
2018-12-12-15-51-08;MSW1998w;8;Passive;KDE 45;1,41635298714;unclear;58,8286386553
2018-12-12-15-51-08;MSW1998w;8;Passive;KDE 45;1,41635298714;right;58,911857234
2018-12-12-15-51-08;MSW1998w;8;Passive;KDE 45;1,41635298714;end of the block;60,0127592242
2018-12-12-15-51-08;MSW1998w;9;Passive;NC;1,12038494843;right;0,667292063954
2018-12-12-15-51-08;MSW1998w;9;Passive;NC;1,12038494843;unclear;3,45276026914
2018-12-12-15-51-08;MSW1998w;9;Passive;NC;1,12038494843;left;3,53608022998
2018-12-12-15-51-08;MSW1998w;9;Passive;NC;1,12038494843;unclear;6,92206946481
2018-12-12-15-51-08;MSW1998w;9;Passive;NC;1,12038494843;right;6,97207356986
2018-12-12-15-51-08;MSW1998w;9;Passive;NC;1,12038494843;unclear;10,6915407475
2018-12-12-15-51-08;MSW1998w;9;Passive;NC;1,12038494843;left;10,7583391488
2018-12-12-15-51-08;MSW1998w;9;Passive;NC;1,12038494843;unclear;12,9766824151
2018-12-12-15-51-08;MSW1998w;9;Passive;NC;1,12038494843;right;13,1435061308
2018-12-12-15-51-08;MSW1998w;9;Passive;NC;1,12038494843;unclear;26,5538056249
2018-12-12-15-51-08;MSW1998w;9;Passive;NC;1,12038494843;left;26,5704434941
2018-12-12-15-51-08;MSW1998w;9;Passive;NC;1,12038494843;unclear;30,5402487159
2018-12-12-15-51-08;MSW1998w;9;Passive;NC;1,12038494843;right;30,6068592803
2018-12-12-15-51-08;MSW1998w;9;Passive;NC;1,12038494843;unclear;34,7767145091
2018-12-12-15-51-08;MSW1998w;9;Passive;NC;1,12038494843;left;34,8100589758
2018-12-12-15-51-08;MSW1998w;9;Passive;NC;1,12038494843;unclear;40,781358807
2018-12-12-15-51-08;MSW1998w;9;Passive;NC;1,12038494843;right;40,8480471184
2018-12-12-15-51-08;MSW1998w;9;Passive;NC;1,12038494843;unclear;45,4682110963
2018-12-12-15-51-08;MSW1998w;9;Passive;NC;1,12038494843;left;45,5016019003
2018-12-12-15-51-08;MSW1998w;9;Passive;NC;1,12038494843;unclear;47,1862256481
2018-12-12-15-51-08;MSW1998w;9;Passive;NC;1,12038494843;right;47,2196239157
2018-12-12-15-51-08;MSW1998w;9;Passive;NC;1,12038494843;unclear;50,3219701352
2018-12-12-15-51-08;MSW1998w;9;Passive;NC;1,12038494843;left;50,3220366867
2018-12-12-15-51-08;MSW1998w;9;Passive;NC;1,12038494843;unclear;51,8564624594
2018-12-12-15-51-08;MSW1998w;9;Passive;NC;1,12038494843;right;51,9398542585
2018-12-12-15-51-08;MSW1998w;9;Passive;NC;1,12038494843;unclear;57,3941122468
2018-12-12-15-51-08;MSW1998w;9;Passive;NC;1,12038494843;left;57,4274333894
2018-12-12-15-51-08;MSW1998w;9;Passive;NC;1,12038494843;end of the block;60,012765444
2018-12-12-15-51-08;MSW1998w;10;Passive;KDE -45;1,03836831888;right;0,767346300298
2018-12-12-15-51-08;MSW1998w;10;Passive;KDE -45;1,03836831888;unclear;5,7711705223
2018-12-12-15-51-08;MSW1998w;10;Passive;KDE -45;1,03836831888;left;5,80455261858
2018-12-12-15-51-08;MSW1998w;10;Passive;KDE -45;1,03836831888;unclear;12,242851314
2018-12-12-15-51-08;MSW1998w;10;Passive;KDE -45;1,03836831888;left;12,3262428022
2018-12-12-15-51-08;MSW1998w;10;Passive;KDE -45;1,03836831888;unclear;14,1276180542
2018-12-12-15-51-08;MSW1998w;10;Passive;KDE -45;1,03836831888;right;14,1609556792
2018-12-12-15-51-08;MSW1998w;10;Passive;KDE -45;1,03836831888;unclear;23,6849745425
2018-12-12-15-51-08;MSW1998w;10;Passive;KDE -45;1,03836831888;left;23,7516006563
2018-12-12-15-51-08;MSW1998w;10;Passive;KDE -45;1,03836831888;unclear;30,023050135
2018-12-12-15-51-08;MSW1998w;10;Passive;KDE -45;1,03836831888;left;30,1565464884
2018-12-12-15-51-08;MSW1998w;10;Passive;KDE -45;1,03836831888;unclear;44,4008177746
2018-12-12-15-51-08;MSW1998w;10;Passive;KDE -45;1,03836831888;right;44,5342298501
2018-12-12-15-51-08;MSW1998w;10;Passive;KDE -45;1,03836831888;unclear;59,3295315025
2018-12-12-15-51-08;MSW1998w;10;Passive;KDE -45;1,03836831888;left;59,3455576578
2018-12-12-15-51-08;MSW1998w;10;Passive;KDE -45;1,03836831888;end of the block;60,0128385262
2018-12-12-15-51-08;MSW1998w;11;Passive;KDE 45;1,24508401311;left;0,617224517315
2018-12-12-15-51-08;MSW1998w;11;Passive;KDE 45;1,24508401311;unclear;8,10626529285
2018-12-12-15-51-08;MSW1998w;11;Passive;KDE 45;1,24508401311;right;8,13962219908
2018-12-12-15-51-08;MSW1998w;11;Passive;KDE 45;1,24508401311;unclear;13,9947722882
2018-12-12-15-51-08;MSW1998w;11;Passive;KDE 45;1,24508401311;left;13,9948360408
2018-12-12-15-51-08;MSW1998w;11;Passive;KDE 45;1,24508401311;right;19,6317768995
2018-12-12-15-51-08;MSW1998w;11;Passive;KDE 45;1,24508401311;unclear;29,8562680917
2018-12-12-15-51-08;MSW1998w;11;Passive;KDE 45;1,24508401311;left;29,8563330883
2018-12-12-15-51-08;MSW1998w;11;Passive;KDE 45;1,24508401311;unclear;49,1710727476
2018-12-12-15-51-08;MSW1998w;11;Passive;KDE 45;1,24508401311;right;49,2378366292
2018-12-12-15-51-08;MSW1998w;11;Passive;KDE 45;1,24508401311;end of the block;60,0126895629
2018-12-12-15-51-08;MSW1998w;12;Passive;NC;1,22376359736;right;0,700607297774
2018-12-12-15-51-08;MSW1998w;12;Passive;NC;1,22376359736;left;5,72111230531
2018-12-12-15-51-08;MSW1998w;12;Passive;NC;1,22376359736;right;10,941817838
2018-12-12-15-51-08;MSW1998w;12;Passive;NC;1,22376359736;unclear;26,670931559
2018-12-12-15-51-08;MSW1998w;12;Passive;NC;1,22376359736;left;26,6871446182
2018-12-12-15-51-08;MSW1998w;12;Passive;NC;1,22376359736;unclear;29,8396342654
2018-12-12-15-51-08;MSW1998w;12;Passive;NC;1,22376359736;right;29,8396927312
2018-12-12-15-51-08;MSW1998w;12;Passive;NC;1,22376359736;unclear;31,8912101049
2018-12-12-15-51-08;MSW1998w;12;Passive;NC;1,22376359736;left;31,9078725421
2018-12-12-15-51-08;MSW1998w;12;Passive;NC;1,22376359736;unclear;35,0435346173
2018-12-12-15-51-08;MSW1998w;12;Passive;NC;1,22376359736;right;35,1269774185
2018-12-12-15-51-08;MSW1998w;12;Passive;NC;1,22376359736;unclear;42,899568535
2018-12-12-15-51-08;MSW1998w;12;Passive;NC;1,22376359736;left;42,950046897
2018-12-12-15-51-08;MSW1998w;12;Passive;NC;1,22376359736;unclear;48,7874414254
2018-12-12-15-51-08;MSW1998w;12;Passive;NC;1,22376359736;right;48,8875202298
2018-12-12-15-51-08;MSW1998w;12;Passive;NC;1,22376359736;unclear;57,3106719336
2018-12-12-15-51-08;MSW1998w;12;Passive;NC;1,22376359736;left;57,3439787707
2018-12-12-15-51-08;MSW1998w;12;Passive;NC;1,22376359736;end of the block;60,0128080494
2018-12-12-15-51-08;MSW1998w;13;Passive;KDE -45;1,18371993797;right;0,633881356754
2018-12-12-15-51-08;MSW1998w;13;Passive;KDE -45;1,18371993797;unclear;3,48603196461
2018-12-12-15-51-08;MSW1998w;13;Passive;KDE -45;1,18371993797;left;3,50269346887
2018-12-12-15-51-08;MSW1998w;13;Passive;KDE -45;1,18371993797;unclear;9,2905528624
2018-12-12-15-51-08;MSW1998w;13;Passive;KDE -45;1,18371993797;right;9,29061039522
2018-12-12-15-51-08;MSW1998w;13;Passive;KDE -45;1,18371993797;left;11,5755720006
2018-12-12-15-51-08;MSW1998w;13;Passive;KDE -45;1,18371993797;right;11,8257623254
2018-12-12-15-51-08;MSW1998w;13;Passive;KDE -45;1,18371993797;left;19,6651788991
2018-12-12-15-51-08;MSW1998w;13;Passive;KDE -45;1,18371993797;unclear;29,2058427843
2018-12-12-15-51-08;MSW1998w;13;Passive;KDE -45;1,18371993797;right;29,2726778821
2018-12-12-15-51-08;MSW1998w;13;Passive;KDE -45;1,18371993797;unclear;34,9935519705
2018-12-12-15-51-08;MSW1998w;13;Passive;KDE -45;1,18371993797;left;35,0268955042
2018-12-12-15-51-08;MSW1998w;13;Passive;KDE -45;1,18371993797;unclear;49,7048028397
2018-12-12-15-51-08;MSW1998w;13;Passive;KDE -45;1,18371993797;right;49,7548856248
2018-12-12-15-51-08;MSW1998w;13;Passive;KDE -45;1,18371993797;unclear;52,0566035858
2018-12-12-15-51-08;MSW1998w;13;Passive;KDE -45;1,18371993797;left;52,1233584487
2018-12-12-15-51-08;MSW1998w;13;Passive;KDE -45;1,18371993797;right;55,542620623
2018-12-12-15-51-08;MSW1998w;13;Passive;KDE -45;1,18371993797;end of the block;60,0128217329
2018-12-12-15-51-08;MSW1998w;14;Passive;KDE 45;1,36218936144;left;0,683942372641
2018-12-12-15-51-08;MSW1998w;14;Passive;KDE 45;1,36218936144;unclear;4,15324908041
2018-12-12-15-51-08;MSW1998w;14;Passive;KDE 45;1,36218936144;right;4,203291437
2018-12-12-15-51-08;MSW1998w;14;Passive;KDE 45;1,36218936144;unclear;9,04031091357
2018-12-12-15-51-08;MSW1998w;14;Passive;KDE 45;1,36218936144;left;9,05701191334
2018-12-12-15-51-08;MSW1998w;14;Passive;KDE 45;1,36218936144;unclear;22,8842812876
2018-12-12-15-51-08;MSW1998w;14;Passive;KDE 45;1,36218936144;right;22,9676793065
2018-12-12-15-51-08;MSW1998w;14;Passive;KDE 45;1,36218936144;unclear;31,2239811715
2018-12-12-15-51-08;MSW1998w;14;Passive;KDE 45;1,36218936144;left;31,2740558709
2018-12-12-15-51-08;MSW1998w;14;Passive;KDE 45;1,36218936144;unclear;41,9822341766
2018-12-12-15-51-08;MSW1998w;14;Passive;KDE 45;1,36218936144;right;42,1156876136
2018-12-12-15-51-08;MSW1998w;14;Passive;KDE 45;1,36218936144;unclear;47,0201567007
2018-12-12-15-51-08;MSW1998w;14;Passive;KDE 45;1,36218936144;left;47,1028605939
2018-12-12-15-51-08;MSW1998w;14;Passive;KDE 45;1,36218936144;unclear;52,2067502479
2018-12-12-15-51-08;MSW1998w;14;Passive;KDE 45;1,36218936144;right;52,24008383
2018-12-12-15-51-08;MSW1998w;14;Passive;KDE 45;1,36218936144;unclear;55,309104864
2018-12-12-15-51-08;MSW1998w;14;Passive;KDE 45;1,36218936144;left;55,3258316758
2018-12-12-15-51-08;MSW1998w;14;Passive;KDE 45;1,36218936144;unclear;59,4122285539
2018-12-12-15-51-08;MSW1998w;14;Passive;KDE 45;1,36218936144;right;59,4789952344
2018-12-12-15-51-08;MSW1998w;14;Passive;KDE 45;1,36218936144;end of the block;60,0127856582
2018-12-12-15-51-08;MSW1998w;15;Passive;NC;1,2474538734;right;0,583706208196
2018-12-12-15-51-08;MSW1998w;15;Passive;NC;1,2474538734;unclear;10,9416051221
2018-12-12-15-51-08;MSW1998w;15;Passive;NC;1,2474538734;left;10,9749604734
2018-12-12-15-51-08;MSW1998w;15;Passive;NC;1,2474538734;unclear;13,3767724773
2018-12-12-15-51-08;MSW1998w;15;Passive;NC;1,2474538734;right;13,4101551956
2018-12-12-15-51-08;MSW1998w;15;Passive;NC;1,2474538734;unclear;22,800664955
2018-12-12-15-51-08;MSW1998w;15;Passive;NC;1,2474538734;left;22,8178933908
2018-12-12-15-51-08;MSW1998w;15;Passive;NC;1,2474538734;unclear;26,9205443786
2018-12-12-15-51-08;MSW1998w;15;Passive;NC;1,2474538734;right;26,953845307
2018-12-12-15-51-08;MSW1998w;15;Passive;NC;1,2474538734;unclear;34,4930242235
2018-12-12-15-51-08;MSW1998w;15;Passive;NC;1,2474538734;left;34,5096477872
2018-12-12-15-51-08;MSW1998w;15;Passive;NC;1,2474538734;unclear;37,4452113414
2018-12-12-15-51-08;MSW1998w;15;Passive;NC;1,2474538734;right;37,4952754671
2018-12-12-15-51-08;MSW1998w;15;Passive;NC;1,2474538734;unclear;41,531648337
2018-12-12-15-51-08;MSW1998w;15;Passive;NC;1,2474538734;left;41,548343117
2018-12-12-15-51-08;MSW1998w;15;Passive;NC;1,2474538734;unclear;43,2663573578
2018-12-12-15-51-08;MSW1998w;15;Passive;NC;1,2474538734;right;43,3164025133
2018-12-12-15-51-08;MSW1998w;15;Passive;NC;1,2474538734;left;47,1026335725
2018-12-12-15-51-08;MSW1998w;15;Passive;NC;1,2474538734;unclear;49,788084238
2018-12-12-15-51-08;MSW1998w;15;Passive;NC;1,2474538734;right;49,7881414598
2018-12-12-15-51-08;MSW1998w;15;Passive;NC;1,2474538734;unclear;53,2073877737
2018-12-12-15-51-08;MSW1998w;15;Passive;NC;1,2474538734;left;53,2240007638
2018-12-12-15-51-08;MSW1998w;15;Passive;NC;1,2474538734;unclear;56,6099996393
2018-12-12-15-51-08;MSW1998w;15;Passive;NC;1,2474538734;right;56,6100571721
2018-12-12-15-51-08;MSW1998w;15;Passive;NC;1,2474538734;end of the block;60,0126136817
2018-12-12-15-51-08;MSW1998w;16;Slow-down;KDE -45;1,21348260183;left;2,16843307969
2018-12-12-15-51-08;MSW1998w;16;Slow-down;KDE -45;1,21348260183;unclear;9,19051230954
2018-12-12-15-51-08;MSW1998w;16;Slow-down;KDE -45;1,21348260183;right;9,29053109322
2018-12-12-15-51-08;MSW1998w;16;Slow-down;KDE -45;1,21348260183;unclear;13,9607952715
2018-12-12-15-51-08;MSW1998w;16;Slow-down;KDE -45;1,21348260183;left;13,9774835207
2018-12-12-15-51-08;MSW1998w;16;Slow-down;KDE -45;1,21348260183;unclear;23,234597998
2018-12-12-15-51-08;MSW1998w;16;Slow-down;KDE -45;1,21348260183;right;23,2512750517
2018-12-12-15-51-08;MSW1998w;16;Slow-down;KDE -45;1,21348260183;unclear;38,3294618411
2018-12-12-15-51-08;MSW1998w;16;Slow-down;KDE -45;1,21348260183;left;38,3295327464
2018-12-12-15-51-08;MSW1998w;16;Slow-down;KDE -45;1,21348260183;unclear;43,8670584496
2018-12-12-15-51-08;MSW1998w;16;Slow-down;KDE -45;1,21348260183;right;43,9004333932
2018-12-12-15-51-08;MSW1998w;16;Slow-down;KDE -45;1,21348260183;left;50,7890367949
2018-12-12-15-51-08;MSW1998w;16;Slow-down;KDE -45;1,21348260183;unclear;58,3114609106
2018-12-12-15-51-08;MSW1998w;16;Slow-down;KDE -45;1,21348260183;right;58,511630959
2018-12-12-15-51-08;MSW1998w;16;Slow-down;KDE -45;1,21348260183;end of the block;60,0128279526
2018-12-12-15-51-08;MSW1998w;17;Slow-down;KDE 45;1,14074732096;left;0,600541865855
2018-12-12-15-51-08;MSW1998w;17;Slow-down;KDE 45;1,14074732096;unclear;9,92431137881
2018-12-12-15-51-08;MSW1998w;17;Slow-down;KDE 45;1,14074732096;right;9,92437855226
2018-12-12-15-51-08;MSW1998w;17;Slow-down;KDE 45;1,14074732096;unclear;15,6954001112
2018-12-12-15-51-08;MSW1998w;17;Slow-down;KDE 45;1,14074732096;left;15,6954666627
2018-12-12-15-51-08;MSW1998w;17;Slow-down;KDE 45;1,14074732096;unclear;21,96687478
2018-12-12-15-51-08;MSW1998w;17;Slow-down;KDE 45;1,14074732096;right;22,0002724257
2018-12-12-15-51-08;MSW1998w;17;Slow-down;KDE 45;1,14074732096;unclear;27,9214415796
2018-12-12-15-51-08;MSW1998w;17;Slow-down;KDE 45;1,14074732096;left;27,9381624826
2018-12-12-15-51-08;MSW1998w;17;Slow-down;KDE 45;1,14074732096;unclear;41,4318043287
2018-12-12-15-51-08;MSW1998w;17;Slow-down;KDE 45;1,14074732096;right;41,5152262937
2018-12-12-15-51-08;MSW1998w;17;Slow-down;KDE 45;1,14074732096;unclear;43,4500067795
2018-12-12-15-51-08;MSW1998w;17;Slow-down;KDE 45;1,14074732096;left;43,5167585326
2018-12-12-15-51-08;MSW1998w;17;Slow-down;KDE 45;1,14074732096;right;45,4849164499
2018-12-12-15-51-08;MSW1998w;17;Slow-down;KDE 45;1,14074732096;unclear;54,5752299136
2018-12-12-15-51-08;MSW1998w;17;Slow-down;KDE 45;1,14074732096;left;54,6419499458
2018-12-12-15-51-08;MSW1998w;17;Slow-down;KDE 45;1,14074732096;end of the block;60,0127362111
2018-12-12-15-51-08;MSW1998w;18;Slow-down;NC;1,39768089394;right;0,550324422899
2018-12-12-15-51-08;MSW1998w;18;Slow-down;NC;1,39768089394;unclear;3,4692793408
2018-12-12-15-51-08;MSW1998w;18;Slow-down;NC;1,39768089394;left;3,50259022079
2018-12-12-15-51-08;MSW1998w;18;Slow-down;NC;1,39768089394;right;6,0545125011
2018-12-12-15-51-08;MSW1998w;18;Slow-down;NC;1,39768089394;unclear;11,2418427793
2018-12-12-15-51-08;MSW1998w;18;Slow-down;NC;1,39768089394;left;11,258517656
2018-12-12-15-51-08;MSW1998w;18;Slow-down;NC;1,39768089394;unclear;14,3275187868
2018-12-12-15-51-08;MSW1998w;18;Slow-down;NC;1,39768089394;right;14,3275840943
2018-12-12-15-51-08;MSW1998w;18;Slow-down;NC;1,39768089394;unclear;21,7832166506
2018-12-12-15-51-08;MSW1998w;18;Slow-down;NC;1,39768089394;left;21,7832816471
2018-12-12-15-51-08;MSW1998w;18;Slow-down;NC;1,39768089394;unclear;22,7005998341
2018-12-12-15-51-08;MSW1998w;18;Slow-down;NC;1,39768089394;right;22,7506505873
2018-12-12-15-51-08;MSW1998w;18;Slow-down;NC;1,39768089394;unclear;25,3025961918
2018-12-12-15-51-08;MSW1998w;18;Slow-down;NC;1,39768089394;left;25,319285063
2018-12-12-15-51-08;MSW1998w;18;Slow-down;NC;1,39768089394;right;27,9212839086
2018-12-12-15-51-08;MSW1998w;18;Slow-down;NC;1,39768089394;unclear;40,197437395
2018-12-12-15-51-08;MSW1998w;18;Slow-down;NC;1,39768089394;left;40,2307174871
2018-12-12-15-51-08;MSW1998w;18;Slow-down;NC;1,39768089394;right;42,4490868764
2018-12-12-15-51-08;MSW1998w;18;Slow-down;NC;1,39768089394;unclear;44,534049477
2018-12-12-15-51-08;MSW1998w;18;Slow-down;NC;1,39768089394;left;44,5341241142
2018-12-12-15-51-08;MSW1998w;18;Slow-down;NC;1,39768089394;unclear;49,1208882694
2018-12-12-15-51-08;MSW1998w;18;Slow-down;NC;1,39768089394;right;49,1542249614
2018-12-12-15-51-08;MSW1998w;18;Slow-down;NC;1,39768089394;unclear;53,7076934751
2018-12-12-15-51-08;MSW1998w;18;Slow-down;NC;1,39768089394;left;53,7911132631
2018-12-12-15-51-08;MSW1998w;18;Slow-down;NC;1,39768089394;unclear;55,2088904687
2018-12-12-15-51-08;MSW1998w;18;Slow-down;NC;1,39768089394;right;55,2254947511
2018-12-12-15-51-08;MSW1998w;18;Slow-down;NC;1,39768089394;end of the block;60,0125863148
2018-12-12-15-51-08;MSW1998w;19;Slow-down;KDE -45;1,07401014972;right;0,667245415723
2018-12-12-15-51-08;MSW1998w;19;Slow-down;KDE -45;1,07401014972;unclear;11,6256028506
2018-12-12-15-51-08;MSW1998w;19;Slow-down;KDE -45;1,07401014972;left;11,6756722632
2018-12-12-15-51-08;MSW1998w;19;Slow-down;KDE -45;1,07401014972;unclear;17,897166773
2018-12-12-15-51-08;MSW1998w;19;Slow-down;KDE -45;1,07401014972;right;17,9805010393
2018-12-12-15-51-08;MSW1998w;19;Slow-down;KDE -45;1,07401014972;unclear;21,6999930961
2018-12-12-15-51-08;MSW1998w;19;Slow-down;KDE -45;1,07401014972;left;21,7500755701
2018-12-12-15-51-08;MSW1998w;19;Slow-down;KDE -45;1,07401014972;unclear;25,2527904972
2018-12-12-15-51-08;MSW1998w;19;Slow-down;KDE -45;1,07401014972;right;25,3027616375
2018-12-12-15-51-08;MSW1998w;19;Slow-down;KDE -45;1,07401014972;unclear;28,9890740513
2018-12-12-15-51-08;MSW1998w;19;Slow-down;KDE -45;1,07401014972;left;29,0055788175
2018-12-12-15-51-08;MSW1998w;19;Slow-down;KDE -45;1,07401014972;unclear;37,7623036265
2018-12-12-15-51-08;MSW1998w;19;Slow-down;KDE -45;1,07401014972;right;37,8457495376
2018-12-12-15-51-08;MSW1998w;19;Slow-down;KDE -45;1,07401014972;unclear;38,1125808414
2018-12-12-15-51-08;MSW1998w;19;Slow-down;KDE -45;1,07401014972;left;38,2293615785
2018-12-12-15-51-08;MSW1998w;19;Slow-down;KDE -45;1,07401014972;unclear;40,3476160888
2018-12-12-15-51-08;MSW1998w;19;Slow-down;KDE -45;1,07401014972;right;40,41436411
2018-12-12-15-51-08;MSW1998w;19;Slow-down;KDE -45;1,07401014972;unclear;45,8017953971
2018-12-12-15-51-08;MSW1998w;19;Slow-down;KDE -45;1,07401014972;left;45,8518585899
2018-12-12-15-51-08;MSW1998w;19;Slow-down;KDE -45;1,07401014972;unclear;48,237050762
2018-12-12-15-51-08;MSW1998w;19;Slow-down;KDE -45;1,07401014972;right;48,3371034434
2018-12-12-15-51-08;MSW1998w;19;Slow-down;KDE -45;1,07401014972;unclear;51,2726470943
2018-12-12-15-51-08;MSW1998w;19;Slow-down;KDE -45;1,07401014972;left;51,3060347884
2018-12-12-15-51-08;MSW1998w;19;Slow-down;KDE -45;1,07401014972;unclear;53,4744031825
2018-12-12-15-51-08;MSW1998w;19;Slow-down;KDE -45;1,07401014972;right;53,6745203629
2018-12-12-15-51-08;MSW1998w;19;Slow-down;KDE -45;1,07401014972;unclear;57,4440535323
2018-12-12-15-51-08;MSW1998w;19;Slow-down;KDE -45;1,07401014972;left;57,5274708324
2018-12-12-15-51-08;MSW1998w;19;Slow-down;KDE -45;1,07401014972;end of the block;60,0126979595
2018-12-12-15-51-08;MSW1998w;20;Slow-down;KDE 45;1,08573438655;left;0,517130163493
2018-12-12-15-51-08;MSW1998w;20;Slow-down;KDE 45;1,08573438655;unclear;4,05321599126
2018-12-12-15-51-08;MSW1998w;20;Slow-down;KDE 45;1,08573438655;right;4,06983768903
2018-12-12-15-51-08;MSW1998w;20;Slow-down;KDE 45;1,08573438655;unclear;7,35573225906
2018-12-12-15-51-08;MSW1998w;20;Slow-down;KDE 45;1,08573438655;left;7,37239656221
2018-12-12-15-51-08;MSW1998w;20;Slow-down;KDE 45;1,08573438655;unclear;17,3300147782
2018-12-12-15-51-08;MSW1998w;20;Slow-down;KDE 45;1,08573438655;right;17,3801183994
2018-12-12-15-51-08;MSW1998w;20;Slow-down;KDE 45;1,08573438655;unclear;20,0988482241
2018-12-12-15-51-08;MSW1998w;20;Slow-down;KDE 45;1,08573438655;left;20,1154366461
2018-12-12-15-51-08;MSW1998w;20;Slow-down;KDE 45;1,08573438655;unclear;22,0002882861
2018-12-12-15-51-08;MSW1998w;20;Slow-down;KDE 45;1,08573438655;right;22,0669601151
2018-12-12-15-51-08;MSW1998w;20;Slow-down;KDE 45;1,08573438655;unclear;25,8198529275
2018-12-12-15-51-08;MSW1998w;20;Slow-down;KDE 45;1,08573438655;left;25,8865788685
2018-12-12-15-51-08;MSW1998w;20;Slow-down;KDE 45;1,08573438655;unclear;30,3733911025
2018-12-12-15-51-08;MSW1998w;20;Slow-down;KDE 45;1,08573438655;right;30,5568218995
2018-12-12-15-51-08;MSW1998w;20;Slow-down;KDE 45;1,08573438655;unclear;32,6423066493
2018-12-12-15-51-08;MSW1998w;20;Slow-down;KDE 45;1,08573438655;left;32,7251675915
2018-12-12-15-51-08;MSW1998w;20;Slow-down;KDE 45;1,08573438655;unclear;38,1959794822
2018-12-12-15-51-08;MSW1998w;20;Slow-down;KDE 45;1,08573438655;right;38,3461401388
2018-12-12-15-51-08;MSW1998w;20;Slow-down;KDE 45;1,08573438655;unclear;48,7207957193
2018-12-12-15-51-08;MSW1998w;20;Slow-down;KDE 45;1,08573438655;left;48,7874603957
2018-12-12-15-51-08;MSW1998w;20;Slow-down;KDE 45;1,08573438655;unclear;54,6086567922
2018-12-12-15-51-08;MSW1998w;20;Slow-down;KDE 45;1,08573438655;right;54,7086423001
2018-12-12-15-51-08;MSW1998w;20;Slow-down;KDE 45;1,08573438655;end of the block;60,0127480286
2018-12-12-15-51-08;MSW1998w;21;Slow-down;NC;1,36261791851;right;0,484256843918
2018-12-12-15-51-08;MSW1998w;21;Slow-down;NC;1,36261791851;unclear;1,95159375237
2018-12-12-15-51-08;MSW1998w;21;Slow-down;NC;1,36261791851;left;2,01827553306
2018-12-12-15-51-08;MSW1998w;21;Slow-down;NC;1,36261791851;unclear;3,98641914493
2018-12-12-15-51-08;MSW1998w;21;Slow-down;NC;1,36261791851;right;3,98648258653
2018-12-12-15-51-08;MSW1998w;21;Slow-down;NC;1,36261791851;unclear;7,8560423143
2018-12-12-15-51-08;MSW1998w;21;Slow-down;NC;1,36261791851;left;7,87275233272
2018-12-12-15-51-08;MSW1998w;21;Slow-down;NC;1,36261791851;unclear;9,50733092504
2018-12-12-15-51-08;MSW1998w;21;Slow-down;NC;1,36261791851;right;9,52400891168
2018-12-12-15-51-08;MSW1998w;21;Slow-down;NC;1,36261791851;unclear;11,7090213947
2018-12-12-15-51-08;MSW1998w;21;Slow-down;NC;1,36261791851;left;11,7090891902
2018-12-12-15-51-08;MSW1998w;21;Slow-down;NC;1,36261791851;unclear;17,7803331679
2018-12-12-15-51-08;MSW1998w;21;Slow-down;NC;1,36261791851;right;18,013899929
2018-12-12-15-51-08;MSW1998w;21;Slow-down;NC;1,36261791851;unclear;32,7585425351
2018-12-12-15-51-08;MSW1998w;21;Slow-down;NC;1,36261791851;left;32,7751222495
2018-12-12-15-51-08;MSW1998w;21;Slow-down;NC;1,36261791851;unclear;39,9639860105
2018-12-12-15-51-08;MSW1998w;21;Slow-down;NC;1,36261791851;right;40,0640999566
2018-12-12-15-51-08;MSW1998w;21;Slow-down;NC;1,36261791851;unclear;41,6319389244
2018-12-12-15-51-08;MSW1998w;21;Slow-down;NC;1,36261791851;left;41,7487261923
2018-12-12-15-51-08;MSW1998w;21;Slow-down;NC;1,36261791851;unclear;45,1346967678
2018-12-12-15-51-08;MSW1998w;21;Slow-down;NC;1,36261791851;right;45,1680141786
2018-12-12-15-51-08;MSW1998w;21;Slow-down;NC;1,36261791851;unclear;58,1612893696
2018-12-12-15-51-08;MSW1998w;21;Slow-down;NC;1,36261791851;left;58,2113544283
2018-12-12-15-51-08;MSW1998w;21;Slow-down;NC;1,36261791851;end of the block;60,012711954
2018-12-12-15-51-08;MSW1998w;22;Slow-down;KDE -45;1,06225826271;right;0,867429458544
2018-12-12-15-51-08;MSW1998w;22;Slow-down;KDE -45;1,06225826271;unclear;2,68541054797
2018-12-12-15-51-08;MSW1998w;22;Slow-down;KDE -45;1,06225826271;left;2,73550048576
2018-12-12-15-51-08;MSW1998w;22;Slow-down;KDE -45;1,06225826271;unclear;4,08649763836
2018-12-12-15-51-08;MSW1998w;22;Slow-down;KDE -45;1,06225826271;right;4,15323664088
2018-12-12-15-51-08;MSW1998w;22;Slow-down;KDE -45;1,06225826271;unclear;9,22441655502
2018-12-12-15-51-08;MSW1998w;22;Slow-down;KDE -45;1,06225826271;left;9,2571315816
2018-12-12-15-51-08;MSW1998w;22;Slow-down;KDE -45;1,06225826271;unclear;11,6423501877
2018-12-12-15-51-08;MSW1998w;22;Slow-down;KDE -45;1,06225826271;right;11,7257208396
2018-12-12-15-51-08;MSW1998w;22;Slow-down;KDE -45;1,06225826271;unclear;13,1268206805
2018-12-12-15-51-08;MSW1998w;22;Slow-down;KDE -45;1,06225826271;left;13,1767806252
2018-12-12-15-51-08;MSW1998w;22;Slow-down;KDE -45;1,06225826271;unclear;17,7969965381
2018-12-12-15-51-08;MSW1998w;22;Slow-down;KDE -45;1,06225826271;right;17,8804551997
2018-12-12-15-51-08;MSW1998w;22;Slow-down;KDE -45;1,06225826271;unclear;24,5188228723
2018-12-12-15-51-08;MSW1998w;22;Slow-down;KDE -45;1,06225826271;left;24,5355045908
2018-12-12-15-51-08;MSW1998w;22;Slow-down;KDE -45;1,06225826271;unclear;34,9434698074
2018-12-12-15-51-08;MSW1998w;22;Slow-down;KDE -45;1,06225826271;right;35,0268538318
2018-12-12-15-51-08;MSW1998w;22;Slow-down;KDE -45;1,06225826271;unclear;37,2118939928
2018-12-12-15-51-08;MSW1998w;22;Slow-down;KDE -45;1,06225826271;left;37,2452580518
2018-12-12-15-51-08;MSW1998w;22;Slow-down;KDE -45;1,06225826271;unclear;41,8321991593
2018-12-12-15-51-08;MSW1998w;22;Slow-down;KDE -45;1,06225826271;right;41,8487938011
2018-12-12-15-51-08;MSW1998w;22;Slow-down;KDE -45;1,06225826271;left;47,2862711767
2018-12-12-15-51-08;MSW1998w;22;Slow-down;KDE -45;1,06225826271;unclear;57,343971618
2018-12-12-15-51-08;MSW1998w;22;Slow-down;KDE -45;1,06225826271;right;57,4274137972
2018-12-12-15-51-08;MSW1998w;22;Slow-down;KDE -45;1,06225826271;end of the block;60,012712265
2018-12-12-15-51-08;MSW1998w;23;Slow-down;KDE 45;1,37480853059;left;0,550517235588
2018-12-12-15-51-08;MSW1998w;23;Slow-down;KDE 45;1,37480853059;unclear;3,85305340663
2018-12-12-15-51-08;MSW1998w;23;Slow-down;KDE 45;1,37480853059;right;3,86968598899
2018-12-12-15-51-08;MSW1998w;23;Slow-down;KDE 45;1,37480853059;unclear;15,2450730138
2018-12-12-15-51-08;MSW1998w;23;Slow-down;KDE 45;1,37480853059;left;15,278456665
2018-12-12-15-51-08;MSW1998w;23;Slow-down;KDE 45;1,37480853059;unclear;19,9153231976
2018-12-12-15-51-08;MSW1998w;23;Slow-down;KDE 45;1,37480853059;right;19,9653773718
2018-12-12-15-51-08;MSW1998w;23;Slow-down;KDE 45;1,37480853059;unclear;23,3346528563
2018-12-12-15-51-08;MSW1998w;23;Slow-down;KDE 45;1,37480853059;left;23,3679827066
2018-12-12-15-51-08;MSW1998w;23;Slow-down;KDE 45;1,37480853059;unclear;33,5091355896
2018-12-12-15-51-08;MSW1998w;23;Slow-down;KDE 45;1,37480853059;right;33,5424533113
2018-12-12-15-51-08;MSW1998w;23;Slow-down;KDE 45;1,37480853059;unclear;40,5478001316
2018-12-12-15-51-08;MSW1998w;23;Slow-down;KDE 45;1,37480853059;left;40,5811688554
2018-12-12-15-51-08;MSW1998w;23;Slow-down;KDE 45;1,37480853059;unclear;48,8541682994
2018-12-12-15-51-08;MSW1998w;23;Slow-down;KDE 45;1,37480853059;right;48,9042526394
2018-12-12-15-51-08;MSW1998w;23;Slow-down;KDE 45;1,37480853059;end of the block;60,0128630943
2018-12-12-15-51-08;MSW1998w;24;Slow-down;NC;1,12702894497;right;0,583854860559
2018-12-12-15-51-08;MSW1998w;24;Slow-down;NC;1,12702894497;unclear;7,07211536667
2018-12-12-15-51-08;MSW1998w;24;Slow-down;NC;1,12702894497;left;7,10550741458
2018-12-12-15-51-08;MSW1998w;24;Slow-down;NC;1,12702894497;unclear;11,2753694851
2018-12-12-15-51-08;MSW1998w;24;Slow-down;NC;1,12702894497;right;11,308736343
2018-12-12-15-51-08;MSW1998w;24;Slow-down;NC;1,12702894497;unclear;17,2633208689
2018-12-12-15-51-08;MSW1998w;24;Slow-down;NC;1,12702894497;left;17,2966783971
2018-12-12-15-51-08;MSW1998w;24;Slow-down;NC;1,12702894497;unclear;20,0821198573
2018-12-12-15-51-08;MSW1998w;24;Slow-down;NC;1,12702894497;right;20,0988046857
2018-12-12-15-51-08;MSW1998w;24;Slow-down;NC;1,12702894497;unclear;30,6402227173
2018-12-12-15-51-08;MSW1998w;24;Slow-down;NC;1,12702894497;left;30,6402923787
2018-12-12-15-51-08;MSW1998w;24;Slow-down;NC;1,12702894497;unclear;35,5939933871
2018-12-12-15-51-08;MSW1998w;24;Slow-down;NC;1,12702894497;right;35,6274016064
2018-12-12-15-51-08;MSW1998w;24;Slow-down;NC;1,12702894497;unclear;39,9640491411
2018-12-12-15-51-08;MSW1998w;24;Slow-down;NC;1,12702894497;left;39,9641076069
2018-12-12-15-51-08;MSW1998w;24;Slow-down;NC;1,12702894497;right;42,6160940752
2018-12-12-15-51-08;MSW1998w;24;Slow-down;NC;1,12702894497;left;45,9185870189
2018-12-12-15-51-08;MSW1998w;24;Slow-down;NC;1,12702894497;right;47,7199246413
2018-12-12-15-51-08;MSW1998w;24;Slow-down;NC;1,12702894497;unclear;57,3273225532
2018-12-12-15-51-08;MSW1998w;24;Slow-down;NC;1,12702894497;left;57,3273891047
2018-12-12-15-51-08;MSW1998w;24;Slow-down;NC;1,12702894497;end of the block;60,0127187958
2018-12-12-15-51-08;MSW1998w;25;Slow-down;KDE -45;1,01536276372;left;0,650607235576
2018-12-12-15-51-08;MSW1998w;25;Slow-down;KDE -45;1,01536276372;unclear;6,43836275904
2018-12-12-15-51-08;MSW1998w;25;Slow-down;KDE -45;1,01536276372;right;6,45499503041
2018-12-12-15-51-08;MSW1998w;25;Slow-down;KDE -45;1,01536276372;unclear;9,3072028601
2018-12-12-15-51-08;MSW1998w;25;Slow-down;KDE -45;1,01536276372;left;9,30726785663
2018-12-12-15-51-08;MSW1998w;25;Slow-down;KDE -45;1,01536276372;unclear;19,3148637436
2018-12-12-15-51-08;MSW1998w;25;Slow-down;KDE -45;1,01536276372;right;19,3315666093
2018-12-12-15-51-08;MSW1998w;25;Slow-down;KDE -45;1,01536276372;left;36,6781853589
2018-12-12-15-51-08;MSW1998w;25;Slow-down;KDE -45;1,01536276372;unclear;51,1225837771
2018-12-12-15-51-08;MSW1998w;25;Slow-down;KDE -45;1,01536276372;right;51,1726637633
2018-12-12-15-51-08;MSW1998w;25;Slow-down;KDE -45;1,01536276372;end of the block;60,0127442968
2018-12-12-15-51-08;MSW1998w;26;Slow-down;KDE 45;1,4753675973;left;0,55062981332
2018-12-12-15-51-08;MSW1998w;26;Slow-down;KDE 45;1,4753675973;unclear;10,7916021366
2018-12-12-15-51-08;MSW1998w;26;Slow-down;KDE 45;1,4753675973;right;10,8083675109
2018-12-12-15-51-08;MSW1998w;26;Slow-down;KDE 45;1,4753675973;unclear;13,5771194779
2018-12-12-15-51-08;MSW1998w;26;Slow-down;KDE 45;1,4753675973;left;13,5938422469
2018-12-12-15-51-08;MSW1998w;26;Slow-down;KDE 45;1,4753675973;unclear;23,2846754962
2018-12-12-15-51-08;MSW1998w;26;Slow-down;KDE 45;1,4753675973;right;23,3346385508
2018-12-12-15-51-08;MSW1998w;26;Slow-down;KDE 45;1,4753675973;unclear;35,0268839977
2018-12-12-15-51-08;MSW1998w;26;Slow-down;KDE 45;1,4753675973;left;35,0603027906
2018-12-12-15-51-08;MSW1998w;26;Slow-down;KDE 45;1,4753675973;unclear;37,5455311616
2018-12-12-15-51-08;MSW1998w;26;Slow-down;KDE 45;1,4753675973;right;37,5788787382
2018-12-12-15-51-08;MSW1998w;26;Slow-down;KDE 45;1,4753675973;left;40,4977627508
2018-12-12-15-51-08;MSW1998w;26;Slow-down;KDE 45;1,4753675973;unclear;46,7025236071
2018-12-12-15-51-08;MSW1998w;26;Slow-down;KDE 45;1,4753675973;right;46,7358920199
2018-12-12-15-51-08;MSW1998w;26;Slow-down;KDE 45;1,4753675973;unclear;53,2241696304
2018-12-12-15-51-08;MSW1998w;26;Slow-down;KDE 45;1,4753675973;left;53,2408637884
2018-12-12-15-51-08;MSW1998w;26;Slow-down;KDE 45;1,4753675973;end of the block;60,0127324792
2018-12-12-15-51-08;MSW1998w;27;Slow-down;NC;1,00432944413;right;0,66721649382
2018-12-12-15-51-08;MSW1998w;27;Slow-down;NC;1,00432944413;left;12,8765821525
2018-12-12-15-51-08;MSW1998w;27;Slow-down;NC;1,00432944413;unclear;14,5278570798
2018-12-12-15-51-08;MSW1998w;27;Slow-down;NC;1,00432944413;right;14,5445036566
2018-12-12-15-51-08;MSW1998w;27;Slow-down;NC;1,00432944413;left;16,9963664138
2018-12-12-15-51-08;MSW1998w;27;Slow-down;NC;1,00432944413;unclear;19,8818776597
2018-12-12-15-51-08;MSW1998w;27;Slow-down;NC;1,00432944413;right;19,9321899541
2018-12-12-15-51-08;MSW1998w;27;Slow-down;NC;1,00432944413;unclear;28,1048957008
2018-12-12-15-51-08;MSW1998w;27;Slow-down;NC;1,00432944413;left;28,1215920357
2018-12-12-15-51-08;MSW1998w;27;Slow-down;NC;1,00432944413;unclear;29,889570886
2018-12-12-15-51-08;MSW1998w;27;Slow-down;NC;1,00432944413;right;29,9730326575
2018-12-12-15-51-08;MSW1998w;27;Slow-down;NC;1,00432944413;left;35,0769524773
2018-12-12-15-51-08;MSW1998w;27;Slow-down;NC;1,00432944413;unclear;38,2626845871
2018-12-12-15-51-08;MSW1998w;27;Slow-down;NC;1,00432944413;right;38,2627511385
2018-12-12-15-51-08;MSW1998w;27;Slow-down;NC;1,00432944413;left;43,0664451187
2018-12-12-15-51-08;MSW1998w;27;Slow-down;NC;1,00432944413;unclear;48,3871495318
2018-12-12-15-51-08;MSW1998w;27;Slow-down;NC;1,00432944413;right;48,4037444846
2018-12-12-15-51-08;MSW1998w;27;Slow-down;NC;1,00432944413;left;50,7722614689
2018-12-12-15-51-08;MSW1998w;27;Slow-down;NC;1,00432944413;unclear;52,2568106418
2018-12-12-15-51-08;MSW1998w;27;Slow-down;NC;1,00432944413;right;52,2573520722
2018-12-12-15-51-08;MSW1998w;27;Slow-down;NC;1,00432944413;left;54,4084366747
2018-12-12-15-51-08;MSW1998w;27;Slow-down;NC;1,00432944413;unclear;58,3280334723
2018-12-12-15-51-08;MSW1998w;27;Slow-down;NC;1,00432944413;right;58,3614214773
2018-12-12-15-51-08;MSW1998w;27;Slow-down;NC;1,00432944413;end of the block;60,0127103991
2018-12-12-15-51-08;MSW1998w;28;Slow-down;KDE -45;1,37846203622;left;1,13429279415
2018-12-12-15-51-08;MSW1998w;28;Slow-down;KDE -45;1,37846203622;unclear;6,10530527225
2018-12-12-15-51-08;MSW1998w;28;Slow-down;KDE -45;1,37846203622;right;6,13807969757
2018-12-12-15-51-08;MSW1998w;28;Slow-down;KDE -45;1,37846203622;left;10,4748367001
2018-12-12-15-51-08;MSW1998w;28;Slow-down;KDE -45;1,37846203622;unclear;15,1950113759
2018-12-12-15-51-08;MSW1998w;28;Slow-down;KDE -45;1,37846203622;right;15,2784277431
2018-12-12-15-51-08;MSW1998w;28;Slow-down;KDE -45;1,37846203622;unclear;22,116996252
2018-12-12-15-51-08;MSW1998w;28;Slow-down;KDE -45;1,37846203622;left;22,1170634254
2018-12-12-15-51-08;MSW1998w;28;Slow-down;KDE -45;1,37846203622;unclear;30,6568745809
2018-12-12-15-51-08;MSW1998w;28;Slow-down;KDE -45;1,37846203622;right;30,6902793794
2018-12-12-15-51-08;MSW1998w;28;Slow-down;KDE -45;1,37846203622;unclear;37,829044184
2018-12-12-15-51-08;MSW1998w;28;Slow-down;KDE -45;1,37846203622;left;37,845738342
2018-12-12-15-51-08;MSW1998w;28;Slow-down;KDE -45;1,37846203622;unclear;47,4703628237
2018-12-12-15-51-08;MSW1998w;28;Slow-down;KDE -45;1,37846203622;right;47,5198018632
2018-12-12-15-51-08;MSW1998w;28;Slow-down;KDE -45;1,37846203622;unclear;49,788163229
2018-12-12-15-51-08;MSW1998w;28;Slow-down;KDE -45;1,37846203622;left;49,8221181656
2018-12-12-15-51-08;MSW1998w;28;Slow-down;KDE -45;1,37846203622;unclear;52,0232600521
2018-12-12-15-51-08;MSW1998w;28;Slow-down;KDE -45;1,37846203622;right;52,0733073845
2018-12-12-15-51-08;MSW1998w;28;Slow-down;KDE -45;1,37846203622;left;55,409141063
2018-12-12-15-51-08;MSW1998w;28;Slow-down;KDE -45;1,37846203622;end of the block;60,0127103991
2018-12-12-15-51-08;MSW1998w;29;Slow-down;KDE 45;1,33208119039;left;0,500523393155
2018-12-12-15-51-08;MSW1998w;29;Slow-down;KDE 45;1,33208119039;unclear;5,43753117657
2018-12-12-15-51-08;MSW1998w;29;Slow-down;KDE 45;1,33208119039;right;5,50431029657
2018-12-12-15-51-08;MSW1998w;29;Slow-down;KDE 45;1,33208119039;unclear;8,52321371483
2018-12-12-15-51-08;MSW1998w;29;Slow-down;KDE 45;1,33208119039;left;8,53989139048
2018-12-12-15-51-08;MSW1998w;29;Slow-down;KDE 45;1,33208119039;unclear;42,7328318959
2018-12-12-15-51-08;MSW1998w;29;Slow-down;KDE 45;1,33208119039;right;42,8162205852
2018-12-12-15-51-08;MSW1998w;29;Slow-down;KDE 45;1,33208119039;left;52,2901557305
2018-12-12-15-51-08;MSW1998w;29;Slow-down;KDE 45;1,33208119039;unclear;57,4440659718
2018-12-12-15-51-08;MSW1998w;29;Slow-down;KDE 45;1,33208119039;right;57,5108239446
2018-12-12-15-51-08;MSW1998w;29;Slow-down;KDE 45;1,33208119039;end of the block;60,0127243935
2018-12-12-15-51-08;MSW1998w;30;Slow-down;NC;1,09294208224;right;0,733934038157
2018-12-12-15-51-08;MSW1998w;30;Slow-down;NC;1,09294208224;left;8,57331795808
2018-12-12-15-51-08;MSW1998w;30;Slow-down;NC;1,09294208224;right;10,9251274119
2018-12-12-15-51-08;MSW1998w;30;Slow-down;NC;1,09294208224;unclear;17,730298275
2018-12-12-15-51-08;MSW1998w;30;Slow-down;NC;1,09294208224;left;17,7469905671
2018-12-12-15-51-08;MSW1998w;30;Slow-down;NC;1,09294208224;unclear;24,2686583595
2018-12-12-15-51-08;MSW1998w;30;Slow-down;NC;1,09294208224;right;24,2687239781
2018-12-12-15-51-08;MSW1998w;30;Slow-down;NC;1,09294208224;left;30,3566331919
2018-12-12-15-51-08;MSW1998w;30;Slow-down;NC;1,09294208224;unclear;33,0086283678
2018-12-12-15-51-08;MSW1998w;30;Slow-down;NC;1,09294208224;right;33,0420689299
2018-12-12-15-51-08;MSW1998w;30;Slow-down;NC;1,09294208224;left;40,7145840408
2018-12-12-15-51-08;MSW1998w;30;Slow-down;NC;1,09294208224;unclear;45,0679257335
2018-12-12-15-51-08;MSW1998w;30;Slow-down;NC;1,09294208224;right;45,0845968784
2018-12-12-15-51-08;MSW1998w;30;Slow-down;NC;1,09294208224;unclear;50,5387736989
2018-12-12-15-51-08;MSW1998w;30;Slow-down;NC;1,09294208224;left;50,5554862052
2018-12-12-15-51-08;MSW1998w;30;Slow-down;NC;1,09294208224;unclear;53,2575234267
2018-12-12-15-51-08;MSW1998w;30;Slow-down;NC;1,09294208224;right;53,3242387942
2018-12-12-15-51-08;MSW1998w;30;Slow-down;NC;1,09294208224;end of the block;60,0127996527
2018-12-12-15-51-08;MSW1998w;31;Speed-up;KDE -45;1,36038368291;left;0,733974466624
2018-12-12-15-51-08;MSW1998w;31;Speed-up;KDE -45;1,36038368291;right;4,25331171343
2018-12-12-15-51-08;MSW1998w;31;Speed-up;KDE -45;1,36038368291;unclear;9,0403127795
2018-12-12-15-51-08;MSW1998w;31;Speed-up;KDE -45;1,36038368291;left;9,07366626487
2018-12-12-15-51-08;MSW1998w;31;Speed-up;KDE -45;1,36038368291;right;14,8447590401
2018-12-12-15-51-08;MSW1998w;31;Speed-up;KDE -45;1,36038368291;unclear;17,9804444395
2018-12-12-15-51-08;MSW1998w;31;Speed-up;KDE -45;1,36038368291;left;18,0138224929
2018-12-12-15-51-08;MSW1998w;31;Speed-up;KDE -45;1,36038368291;unclear;27,6212645651
2018-12-12-15-51-08;MSW1998w;31;Speed-up;KDE -45;1,36038368291;right;27,6378598289
2018-12-12-15-51-08;MSW1998w;31;Speed-up;KDE -45;1,36038368291;unclear;28,905500946
2018-12-12-15-51-08;MSW1998w;31;Speed-up;KDE -45;1,36038368291;left;28,9389010796
2018-12-12-15-51-08;MSW1998w;31;Speed-up;KDE -45;1,36038368291;right;32,324822519
2018-12-12-15-51-08;MSW1998w;31;Speed-up;KDE -45;1,36038368291;left;37,5788305351
2018-12-12-15-51-08;MSW1998w;31;Speed-up;KDE -45;1,36038368291;unclear;37,678920535
2018-12-12-15-51-08;MSW1998w;31;Speed-up;KDE -45;1,36038368291;left;42,7495571528
2018-12-12-15-51-08;MSW1998w;31;Speed-up;KDE -45;1,36038368291;unclear;49,6047734824
2018-12-12-15-51-08;MSW1998w;31;Speed-up;KDE -45;1,36038368291;right;49,6213600385
2018-12-12-15-51-08;MSW1998w;31;Speed-up;KDE -45;1,36038368291;left;51,5562431505
2018-12-12-15-51-08;MSW1998w;31;Speed-up;KDE -45;1,36038368291;end of the block;60,0128071164
2018-12-12-15-51-08;MSW1998w;32;Speed-up;KDE 45;1,22894877886;left;0,65058577739
2018-12-12-15-51-08;MSW1998w;32;Speed-up;KDE 45;1,22894877886;unclear;5,02057560186
2018-12-12-15-51-08;MSW1998w;32;Speed-up;KDE 45;1,22894877886;right;5,02064495223
2018-12-12-15-51-08;MSW1998w;32;Speed-up;KDE 45;1,22894877886;unclear;9,97433694204
2018-12-12-15-51-08;MSW1998w;32;Speed-up;KDE 45;1,22894877886;left;10,0077411185
2018-12-12-15-51-08;MSW1998w;32;Speed-up;KDE 45;1,22894877886;right;16,6961533247
2018-12-12-15-51-08;MSW1998w;32;Speed-up;KDE 45;1,22894877886;unclear;21,3330472242
2018-12-12-15-51-08;MSW1998w;32;Speed-up;KDE 45;1,22894877886;left;21,3497186801
2018-12-12-15-51-08;MSW1998w;32;Speed-up;KDE 45;1,22894877886;unclear;33,4089734404
2018-12-12-15-51-08;MSW1998w;32;Speed-up;KDE 45;1,22894877886;right;33,4256604457
2018-12-12-15-51-08;MSW1998w;32;Speed-up;KDE 45;1,22894877886;unclear;38,6296376117
2018-12-12-15-51-08;MSW1998w;32;Speed-up;KDE 45;1,22894877886;left;38,6468623156
2018-12-12-15-51-08;MSW1998w;32;Speed-up;KDE 45;1,22894877886;right;39,8806769343
2018-12-12-15-51-08;MSW1998w;32;Speed-up;KDE 45;1,22894877886;unclear;43,1503139737
2018-12-12-15-51-08;MSW1998w;32;Speed-up;KDE 45;1,22894877886;left;43,1665099286
2018-12-12-15-51-08;MSW1998w;32;Speed-up;KDE 45;1,22894877886;unclear;45,885193727
2018-12-12-15-51-08;MSW1998w;32;Speed-up;KDE 45;1,22894877886;right;45,9018941048
2018-12-12-15-51-08;MSW1998w;32;Speed-up;KDE 45;1,22894877886;unclear;47,3196358577
2018-12-12-15-51-08;MSW1998w;32;Speed-up;KDE 45;1,22894877886;left;47,3696934527
2018-12-12-15-51-08;MSW1998w;32;Speed-up;KDE 45;1,22894877886;unclear;54,8588032676
2018-12-12-15-51-08;MSW1998w;32;Speed-up;KDE 45;1,22894877886;right;54,8754597961
2018-12-12-15-51-08;MSW1998w;32;Speed-up;KDE 45;1,22894877886;unclear;59,3455194063
2018-12-12-15-51-08;MSW1998w;32;Speed-up;KDE 45;1,22894877886;left;59,3955515003
2018-12-12-15-51-08;MSW1998w;32;Speed-up;KDE 45;1,22894877886;end of the block;60,0127082222
2018-12-12-15-51-08;MSW1998w;33;Speed-up;NC;1,41059872697;right;0,733984418247
2018-12-12-15-51-08;MSW1998w;33;Speed-up;NC;1,41059872697;unclear;6,70517695851
2018-12-12-15-51-08;MSW1998w;33;Speed-up;NC;1,41059872697;left;6,7719299555
2018-12-12-15-51-08;MSW1998w;33;Speed-up;NC;1,41059872697;right;8,65666559687
2018-12-12-15-51-08;MSW1998w;33;Speed-up;NC;1,41059872697;left;18,6977390535
2018-12-12-15-51-08;MSW1998w;33;Speed-up;NC;1,41059872697;unclear;22,3838807348
2018-12-12-15-51-08;MSW1998w;33;Speed-up;NC;1,41059872697;right;22,3839469753
2018-12-12-15-51-08;MSW1998w;33;Speed-up;NC;1,41059872697;unclear;23,551483165
2018-12-12-15-51-08;MSW1998w;33;Speed-up;NC;1,41059872697;left;23,5515518934
2018-12-12-15-51-08;MSW1998w;33;Speed-up;NC;1,41059872697;right;25,1025903452
2018-12-12-15-51-08;MSW1998w;33;Speed-up;NC;1,41059872697;left;34,5098402889
2018-12-12-15-51-08;MSW1998w;33;Speed-up;NC;1,41059872697;unclear;39,4469821082
2018-12-12-15-51-08;MSW1998w;33;Speed-up;NC;1,41059872697;right;39,4636022511
2018-12-12-15-51-08;MSW1998w;33;Speed-up;NC;1,41059872697;unclear;48,6373205754
2018-12-12-15-51-08;MSW1998w;33;Speed-up;NC;1,41059872697;left;48,6706998727
2018-12-12-15-51-08;MSW1998w;33;Speed-up;NC;1,41059872697;right;51,3393413145
2018-12-12-15-51-08;MSW1998w;33;Speed-up;NC;1,41059872697;left;52,7739199691
2018-12-12-15-51-08;MSW1998w;33;Speed-up;NC;1,41059872697;right;53,9247078888
2018-12-12-15-51-08;MSW1998w;33;Speed-up;NC;1,41059872697;left;55,6927573334
2018-12-12-15-51-08;MSW1998w;33;Speed-up;NC;1,41059872697;unclear;58,0612186508
2018-12-12-15-51-08;MSW1998w;33;Speed-up;NC;1,41059872697;right;58,0945823988
2018-12-12-15-51-08;MSW1998w;33;Speed-up;NC;1,41059872697;end of the block;60,0127299913
2018-12-12-15-51-08;MSW1998w;34;Speed-up;KDE -45;1,06823300167;left;0,850748362025
2018-12-12-15-51-08;MSW1998w;34;Speed-up;KDE -45;1,06823300167;right;11,5589689621
2018-12-12-15-51-08;MSW1998w;34;Speed-up;KDE -45;1,06823300167;left;14,0608507518
2018-12-12-15-51-08;MSW1998w;34;Speed-up;KDE -45;1,06823300167;unclear;21,1996189772
2018-12-12-15-51-08;MSW1998w;34;Speed-up;KDE -45;1,06823300167;right;21,2496737734
2018-12-12-15-51-08;MSW1998w;34;Speed-up;KDE -45;1,06823300167;unclear;39,2801260497
2018-12-12-15-51-08;MSW1998w;34;Speed-up;KDE -45;1,06823300167;left;39,3134941516
2018-12-12-15-51-08;MSW1998w;34;Speed-up;KDE -45;1,06823300167;unclear;45,5015763992
2018-12-12-15-51-08;MSW1998w;34;Speed-up;KDE -45;1,06823300167;right;45,5182733561
2018-12-12-15-51-08;MSW1998w;34;Speed-up;KDE -45;1,06823300167;unclear;46,9693614417
2018-12-12-15-51-08;MSW1998w;34;Speed-up;KDE -45;1,06823300167;left;47,0027329644
2018-12-12-15-51-08;MSW1998w;34;Speed-up;KDE -45;1,06823300167;unclear;53,6578296257
2018-12-12-15-51-08;MSW1998w;34;Speed-up;KDE -45;1,06823300167;right;53,6578958662
2018-12-12-15-51-08;MSW1998w;34;Speed-up;KDE -45;1,06823300167;end of the block;60,0127032463
2018-12-12-15-51-08;MSW1998w;35;Speed-up;KDE 45;1,10888802202;left;0,567183093686
2018-12-12-15-51-08;MSW1998w;35;Speed-up;KDE 45;1,10888802202;unclear;14,3443199248
2018-12-12-15-51-08;MSW1998w;35;Speed-up;KDE 45;1,10888802202;right;14,3443839883
2018-12-12-15-51-08;MSW1998w;35;Speed-up;KDE 45;1,10888802202;unclear;20,0821102167
2018-12-12-15-51-08;MSW1998w;35;Speed-up;KDE 45;1,10888802202;left;20,1154854713
2018-12-12-15-51-08;MSW1998w;35;Speed-up;KDE 45;1,10888802202;unclear;21,4664745382
2018-12-12-15-51-08;MSW1998w;35;Speed-up;KDE 45;1,10888802202;right;21,4832221861
2018-12-12-15-51-08;MSW1998w;35;Speed-up;KDE 45;1,10888802202;unclear;26,8539916581
2018-12-12-15-51-08;MSW1998w;35;Speed-up;KDE 45;1,10888802202;left;26,8706503634
2018-12-12-15-51-08;MSW1998w;35;Speed-up;KDE 45;1,10888802202;unclear;36,2945083214
2018-12-12-15-51-08;MSW1998w;35;Speed-up;KDE 45;1,10888802202;right;36,2945782938
2018-12-12-15-51-08;MSW1998w;35;Speed-up;KDE 45;1,10888802202;unclear;47,9201845653
2018-12-12-15-51-08;MSW1998w;35;Speed-up;KDE 45;1,10888802202;left;47,9534515959
2018-12-12-15-51-08;MSW1998w;35;Speed-up;KDE 45;1,10888802202;unclear;52,8238590776
2018-12-12-15-51-08;MSW1998w;35;Speed-up;KDE 45;1,10888802202;right;52,8572666749
2018-12-12-15-51-08;MSW1998w;35;Speed-up;KDE 45;1,10888802202;left;54,6086247604
2018-12-12-15-51-08;MSW1998w;35;Speed-up;KDE 45;1,10888802202;end of the block;60,0128161351
2018-12-12-15-51-08;MSW1998w;36;Speed-up;NC;1,44065483344;right;0,450432833389
2018-12-12-15-51-08;MSW1998w;36;Speed-up;NC;1,44065483344;left;15,7954639882
2018-12-12-15-51-08;MSW1998w;36;Speed-up;NC;1,44065483344;unclear;18,3974783832
2018-12-12-15-51-08;MSW1998w;36;Speed-up;NC;1,44065483344;right;18,4642267154
2018-12-12-15-51-08;MSW1998w;36;Speed-up;NC;1,44065483344;unclear;25,1360439688
2018-12-12-15-51-08;MSW1998w;36;Speed-up;NC;1,44065483344;left;25,1361018126
2018-12-12-15-51-08;MSW1998w;36;Speed-up;NC;1,44065483344;right;27,6545592737
2018-12-12-15-51-08;MSW1998w;36;Speed-up;NC;1,44065483344;unclear;29,706167456
2018-12-12-15-51-08;MSW1998w;36;Speed-up;NC;1,44065483344;left;29,7228389118
2018-12-12-15-51-08;MSW1998w;36;Speed-up;NC;1,44065483344;right;33,2588818232
2018-12-12-15-51-08;MSW1998w;36;Speed-up;NC;1,44065483344;unclear;38,7964809196
2018-12-12-15-51-08;MSW1998w;36;Speed-up;NC;1,44065483344;left;38,8464828478
2018-12-12-15-51-08;MSW1998w;36;Speed-up;NC;1,44065483344;unclear;41,5652316427
2018-12-12-15-51-08;MSW1998w;36;Speed-up;NC;1,44065483344;right;41,5986050313
2018-12-12-15-51-08;MSW1998w;36;Speed-up;NC;1,44065483344;unclear;45,2847560422
2018-12-12-15-51-08;MSW1998w;36;Speed-up;NC;1,44065483344;left;45,3181309857
2018-12-12-15-51-08;MSW1998w;36;Speed-up;NC;1,44065483344;unclear;46,4023220246
2018-12-12-15-51-08;MSW1998w;36;Speed-up;NC;1,44065483344;right;46,4856569128
2018-12-12-15-51-08;MSW1998w;36;Speed-up;NC;1,44065483344;unclear;49,0209777096
2018-12-12-15-51-08;MSW1998w;36;Speed-up;NC;1,44065483344;left;49,0376457446
2018-12-12-15-51-08;MSW1998w;36;Speed-up;NC;1,44065483344;unclear;54,8087204826
2018-12-12-15-51-08;MSW1998w;36;Speed-up;NC;1,44065483344;right;54,8587774556
2018-12-12-15-51-08;MSW1998w;36;Speed-up;NC;1,44065483344;unclear;57,0604433572
2018-12-12-15-51-08;MSW1998w;36;Speed-up;NC;1,44065483344;left;57,0937834701
2018-12-12-15-51-08;MSW1998w;36;Speed-up;NC;1,44065483344;end of the block;60,0126699706
2018-12-12-15-51-08;MSW1998w;37;Speed-up;KDE -45;1,34472356439;left;0,717284351447
2018-12-12-15-51-08;MSW1998w;37;Speed-up;KDE -45;1,34472356439;unclear;3,15315547296
2018-12-12-15-51-08;MSW1998w;37;Speed-up;KDE -45;1,34472356439;right;3,20253884554
2018-12-12-15-51-08;MSW1998w;37;Speed-up;KDE -45;1,34472356439;unclear;11,2086382573
2018-12-12-15-51-08;MSW1998w;37;Speed-up;KDE -45;1,34472356439;left;11,2753859675
2018-12-12-15-51-08;MSW1998w;37;Speed-up;KDE -45;1,34472356439;unclear;22,1671900598
2018-12-12-15-51-08;MSW1998w;37;Speed-up;KDE -45;1,34472356439;right;22,2171055332
2018-12-12-15-51-08;MSW1998w;37;Speed-up;KDE -45;1,34472356439;unclear;29,5059750165
2018-12-12-15-51-08;MSW1998w;37;Speed-up;KDE -45;1,34472356439;left;29,5226610888
2018-12-12-15-51-08;MSW1998w;37;Speed-up;KDE -45;1,34472356439;unclear;35,3437896899
2018-12-12-15-51-08;MSW1998w;37;Speed-up;KDE -45;1,34472356439;right;35,3938388882
2018-12-12-15-51-08;MSW1998w;37;Speed-up;KDE -45;1,34472356439;unclear;40,864727593
2018-12-12-15-51-08;MSW1998w;37;Speed-up;KDE -45;1,34472356439;left;40,8813626633
2018-12-12-15-51-08;MSW1998w;37;Speed-up;KDE -45;1,34472356439;unclear;43,0997420042
2018-12-12-15-51-08;MSW1998w;37;Speed-up;KDE -45;1,34472356439;right;43,1832019097
2018-12-12-15-51-08;MSW1998w;37;Speed-up;KDE -45;1,34472356439;end of the block;60,012712887
2018-12-12-15-51-08;MSW1998w;38;Speed-up;KDE 45;1,08453840808;left;0,467129479319
2018-12-12-15-51-08;MSW1998w;38;Speed-up;KDE 45;1,08453840808;unclear;8,840172897
2018-12-12-15-51-08;MSW1998w;38;Speed-up;KDE 45;1,08453840808;right;8,85746601832
2018-12-12-15-51-08;MSW1998w;38;Speed-up;KDE 45;1,08453840808;left;13,410355472
2018-12-12-15-51-08;MSW1998w;38;Speed-up;KDE 45;1,08453840808;unclear;20,7659723544
2018-12-12-15-51-08;MSW1998w;38;Speed-up;KDE 45;1,08453840808;right;20,7993217969
2018-12-12-15-51-08;MSW1998w;38;Speed-up;KDE 45;1,08453840808;unclear;29,4399693241
2018-12-12-15-51-08;MSW1998w;38;Speed-up;KDE 45;1,08453840808;left;29,4400333877
2018-12-12-15-51-08;MSW1998w;38;Speed-up;KDE 45;1,08453840808;unclear;34,5431816457
2018-12-12-15-51-08;MSW1998w;38;Speed-up;KDE 45;1,08453840808;right;34,5932395517
2018-12-12-15-51-08;MSW1998w;38;Speed-up;KDE 45;1,08453840808;unclear;41,3650619053
2018-12-12-15-51-08;MSW1998w;38;Speed-up;KDE 45;1,08453840808;left;41,3818042665
2018-12-12-15-51-08;MSW1998w;38;Speed-up;KDE 45;1,08453840808;unclear;57,0938074162
2018-12-12-15-51-08;MSW1998w;38;Speed-up;KDE 45;1,08453840808;right;57,1605479737
2018-12-12-15-51-08;MSW1998w;38;Speed-up;KDE 45;1,08453840808;end of the block;60,0127887681
2018-12-12-15-51-08;MSW1998w;39;Speed-up;NC;1,38111898166;right;0,483762683653
2018-12-12-15-51-08;MSW1998w;39;Speed-up;NC;1,38111898166;unclear;3,28587902061
2018-12-12-15-51-08;MSW1998w;39;Speed-up;NC;1,38111898166;left;3,28594401715
2018-12-12-15-51-08;MSW1998w;39;Speed-up;NC;1,38111898166;unclear;5,80448046932
2018-12-12-15-51-08;MSW1998w;39;Speed-up;NC;1,38111898166;right;5,83784172939
2018-12-12-15-51-08;MSW1998w;39;Speed-up;NC;1,38111898166;left;12,0259174463
2018-12-12-15-51-08;MSW1998w;39;Speed-up;NC;1,38111898166;unclear;13,9607417815
2018-12-12-15-51-08;MSW1998w;39;Speed-up;NC;1,38111898166;right;13,9607999363
2018-12-12-15-51-08;MSW1998w;39;Speed-up;NC;1,38111898166;unclear;17,1131322235
2018-12-12-15-51-08;MSW1998w;39;Speed-up;NC;1,38111898166;left;17,1298375771
2018-12-12-15-51-08;MSW1998w;39;Speed-up;NC;1,38111898166;unclear;21,1495271735
2018-12-12-15-51-08;MSW1998w;39;Speed-up;NC;1,38111898166;right;21,2162593343
2018-12-12-15-51-08;MSW1998w;39;Speed-up;NC;1,38111898166;unclear;28,3217832313
2018-12-12-15-51-08;MSW1998w;39;Speed-up;NC;1,38111898166;left;28,3717752078
2018-12-12-15-51-08;MSW1998w;39;Speed-up;NC;1,38111898166;unclear;29,7061061913
2018-12-12-15-51-08;MSW1998w;39;Speed-up;NC;1,38111898166;right;29,7728476817
2018-12-12-15-51-08;MSW1998w;39;Speed-up;NC;1,38111898166;unclear;30,7572385615
2018-12-12-15-51-08;MSW1998w;39;Speed-up;NC;1,38111898166;left;30,7736204874
2018-12-12-15-51-08;MSW1998w;39;Speed-up;NC;1,38111898166;unclear;33,3589690243
2018-12-12-15-51-08;MSW1998w;39;Speed-up;NC;1,38111898166;right;33,3756084484
2018-12-12-15-51-08;MSW1998w;39;Speed-up;NC;1,38111898166;unclear;40,13084238
2018-12-12-15-51-08;MSW1998w;39;Speed-up;NC;1,38111898166;left;40,1474385767
2018-12-12-15-51-08;MSW1998w;39;Speed-up;NC;1,38111898166;unclear;47,9034617963
2018-12-12-15-51-08;MSW1998w;39;Speed-up;NC;1,38111898166;right;47,9534301377
2018-12-12-15-51-08;MSW1998w;39;Speed-up;NC;1,38111898166;unclear;53,5577673037
2018-12-12-15-51-08;MSW1998w;39;Speed-up;NC;1,38111898166;left;53,5744244541
2018-12-12-15-51-08;MSW1998w;39;Speed-up;NC;1,38111898166;unclear;57,2105004547
2018-12-12-15-51-08;MSW1998w;39;Speed-up;NC;1,38111898166;right;57,2271747094
2018-12-12-15-51-08;MSW1998w;39;Speed-up;NC;1,38111898166;end of the block;60,0127934329
2018-12-12-15-51-08;MSW1998w;40;Speed-up;KDE -45;1,04759219968;left;0,767344745357
2018-12-12-15-51-08;MSW1998w;40;Speed-up;KDE -45;1,04759219968;right;7,57250254699
2018-12-12-15-51-08;MSW1998w;40;Speed-up;KDE -45;1,04759219968;left;14,3283021661
2018-12-12-15-51-08;MSW1998w;40;Speed-up;KDE -45;1,04759219968;unclear;20,7660006543
2018-12-12-15-51-08;MSW1998w;40;Speed-up;KDE -45;1,04759219968;right;20,7998940152
2018-12-12-15-51-08;MSW1998w;40;Speed-up;KDE -45;1,04759219968;unclear;25,5529528952
2018-12-12-15-51-08;MSW1998w;40;Speed-up;KDE -45;1,04759219968;left;25,5696650906
2018-12-12-15-51-08;MSW1998w;40;Speed-up;KDE -45;1,04759219968;unclear;27,5544770484
2018-12-12-15-51-08;MSW1998w;40;Speed-up;KDE -45;1,04759219968;right;27,6212508817
2018-12-12-15-51-08;MSW1998w;40;Speed-up;KDE -45;1,04759219968;unclear;38,5962959438
2018-12-12-15-51-08;MSW1998w;40;Speed-up;KDE -45;1,04759219968;left;38,5963659162
2018-12-12-15-51-08;MSW1998w;40;Speed-up;KDE -45;1,04759219968;unclear;41,8654506406
2018-12-12-15-51-08;MSW1998w;40;Speed-up;KDE -45;1,04759219968;right;41,8821416887
2018-12-12-15-51-08;MSW1998w;40;Speed-up;KDE -45;1,04759219968;unclear;45,6016399652
2018-12-12-15-51-08;MSW1998w;40;Speed-up;KDE -45;1,04759219968;left;45,6017052727
2018-12-12-15-51-08;MSW1998w;40;Speed-up;KDE -45;1,04759219968;unclear;51,4728955117
2018-12-12-15-51-08;MSW1998w;40;Speed-up;KDE -45;1,04759219968;right;51,5395850671
2018-12-12-15-51-08;MSW1998w;40;Speed-up;KDE -45;1,04759219968;unclear;53,3075564537
2018-12-12-15-51-08;MSW1998w;40;Speed-up;KDE -45;1,04759219968;left;53,3743225122
2018-12-12-15-51-08;MSW1998w;40;Speed-up;KDE -45;1,04759219968;end of the block;60,0126995145
2018-12-12-15-51-08;MSW1998w;41;Speed-up;KDE 45;1,4982516079;left;0,717289949234
2018-12-12-15-51-08;MSW1998w;41;Speed-up;KDE 45;1,4982516079;unclear;12,5096347257
2018-12-12-15-51-08;MSW1998w;41;Speed-up;KDE 45;1,4982516079;right;12,5763491601
2018-12-12-15-51-08;MSW1998w;41;Speed-up;KDE 45;1,4982516079;left;17,5468382451
2018-12-12-15-51-08;MSW1998w;41;Speed-up;KDE 45;1,4982516079;unclear;24,4521538421
2018-12-12-15-51-08;MSW1998w;41;Speed-up;KDE 45;1,4982516079;right;24,4688035288
2018-12-12-15-51-08;MSW1998w;41;Speed-up;KDE 45;1,4982516079;left;29,0890172648
2018-12-12-15-51-08;MSW1998w;41;Speed-up;KDE 45;1,4982516079;right;29,3725461475
2018-12-12-15-51-08;MSW1998w;41;Speed-up;KDE 45;1,4982516079;left;32,0579734889
2018-12-12-15-51-08;MSW1998w;41;Speed-up;KDE 45;1,4982516079;unclear;59,8459992611
2018-12-12-15-51-08;MSW1998w;41;Speed-up;KDE 45;1,4982516079;right;59,979322394
2018-12-12-15-51-08;MSW1998w;41;Speed-up;KDE 45;1,4982516079;end of the block;60,0126376278
2018-12-12-15-51-08;MSW1998w;42;Speed-up;NC;1,48789993399;right;0,383724929686
2018-12-12-15-51-08;MSW1998w;42;Speed-up;NC;1,48789993399;unclear;6,30483717279
2018-12-12-15-51-08;MSW1998w;42;Speed-up;NC;1,48789993399;left;6,30490216933
2018-12-12-15-51-08;MSW1998w;42;Speed-up;NC;1,48789993399;right;7,97289053588
2018-12-12-15-51-08;MSW1998w;42;Speed-up;NC;1,48789993399;left;15,4952819979
2018-12-12-15-51-08;MSW1998w;42;Speed-up;NC;1,48789993399;unclear;18,0639618778
2018-12-12-15-51-08;MSW1998w;42;Speed-up;NC;1,48789993399;right;18,0805916613
2018-12-12-15-51-08;MSW1998w;42;Speed-up;NC;1,48789993399;unclear;23,9685052912
2018-12-12-15-51-08;MSW1998w;42;Speed-up;NC;1,48789993399;left;24,035210396
2018-12-12-15-51-08;MSW1998w;42;Speed-up;NC;1,48789993399;unclear;24,9524713611
2018-12-12-15-51-08;MSW1998w;42;Speed-up;NC;1,48789993399;right;24,9691736048
2018-12-12-15-51-08;MSW1998w;42;Speed-up;NC;1,48789993399;left;26,4870974102
2018-12-12-15-51-08;MSW1998w;42;Speed-up;NC;1,48789993399;unclear;27,9881513493
2018-12-12-15-51-08;MSW1998w;42;Speed-up;NC;1,48789993399;right;28,0048650995
2018-12-12-15-51-08;MSW1998w;42;Speed-up;NC;1,48789993399;unclear;29,4559569169
2018-12-12-15-51-08;MSW1998w;42;Speed-up;NC;1,48789993399;left;29,489292987
2018-12-12-15-51-08;MSW1998w;42;Speed-up;NC;1,48789993399;unclear;35,1102726869
2018-12-12-15-51-08;MSW1998w;42;Speed-up;NC;1,48789993399;right;35,1603508071
2018-12-12-15-51-08;MSW1998w;42;Speed-up;NC;1,48789993399;unclear;43,1831481088
2018-12-12-15-51-08;MSW1998w;42;Speed-up;NC;1,48789993399;left;43,2165473094
2018-12-12-15-51-08;MSW1998w;42;Speed-up;NC;1,48789993399;unclear;44,8510711678
2018-12-12-15-51-08;MSW1998w;42;Speed-up;NC;1,48789993399;right;44,8677647038
2018-12-12-15-51-08;MSW1998w;42;Speed-up;NC;1,48789993399;unclear;47,8033500272
2018-12-12-15-51-08;MSW1998w;42;Speed-up;NC;1,48789993399;left;47,836716885
2018-12-12-15-51-08;MSW1998w;42;Speed-up;NC;1,48789993399;unclear;51,1225433486
2018-12-12-15-51-08;MSW1998w;42;Speed-up;NC;1,48789993399;right;51,139255233
2018-12-12-15-51-08;MSW1998w;42;Speed-up;NC;1,48789993399;left;57,0270802312
2018-12-12-15-51-08;MSW1998w;42;Speed-up;NC;1,48789993399;end of the block;60,0127595352
2018-12-12-15-51-08;MSW1998w;43;Speed-up;KDE -45;1,46232899669;right;0,850714153323
2018-12-12-15-51-08;MSW1998w;43;Speed-up;KDE -45;1,46232899669;left;8,17310163468
2018-12-12-15-51-08;MSW1998w;43;Speed-up;KDE -45;1,46232899669;unclear;11,3420742789
2018-12-12-15-51-08;MSW1998w;43;Speed-up;KDE -45;1,46232899669;right;11,4088079946
2018-12-12-15-51-08;MSW1998w;43;Speed-up;KDE -45;1,46232899669;unclear;18,2807408734
2018-12-12-15-51-08;MSW1998w;43;Speed-up;KDE -45;1,46232899669;left;18,2974222809
2018-12-12-15-51-08;MSW1998w;43;Speed-up;KDE -45;1,46232899669;unclear;27,7379554267
2018-12-12-15-51-08;MSW1998w;43;Speed-up;KDE -45;1,46232899669;right;27,7546610913
2018-12-12-15-51-08;MSW1998w;43;Speed-up;KDE -45;1,46232899669;unclear;46,569074213
2018-12-12-15-51-08;MSW1998w;43;Speed-up;KDE -45;1,46232899669;left;46,6024482236
2018-12-12-15-51-08;MSW1998w;43;Speed-up;KDE -45;1,46232899669;end of the block;60,0128089823
2018-12-12-15-51-08;MSW1998w;44;Speed-up;KDE 45;1,21789572956;left;0,633874515013
2018-12-12-15-51-08;MSW1998w;44;Speed-up;KDE 45;1,21789572956;right;11,4922585705
2018-12-12-15-51-08;MSW1998w;44;Speed-up;KDE 45;1,21789572956;left;17,1298549924
2018-12-12-15-51-08;MSW1998w;44;Speed-up;KDE 45;1,21789572956;unclear;22,3171911794
2018-12-12-15-51-08;MSW1998w;44;Speed-up;KDE 45;1,21789572956;right;22,3172487122
2018-12-12-15-51-08;MSW1998w;44;Speed-up;KDE 45;1,21789572956;unclear;29,2058182162
2018-12-12-15-51-08;MSW1998w;44;Speed-up;KDE 45;1,21789572956;left;29,205876993
2018-12-12-15-51-08;MSW1998w;44;Speed-up;KDE 45;1,21789572956;unclear;36,3278851309
2018-12-12-15-51-08;MSW1998w;44;Speed-up;KDE 45;1,21789572956;right;36,3279532373
2018-12-12-15-51-08;MSW1998w;44;Speed-up;KDE 45;1,21789572956;unclear;44,1839181156
2018-12-12-15-51-08;MSW1998w;44;Speed-up;KDE 45;1,21789572956;left;44,2172902602
2018-12-12-15-51-08;MSW1998w;44;Speed-up;KDE 45;1,21789572956;right;48,9208749591
2018-12-12-15-51-08;MSW1998w;44;Speed-up;KDE 45;1,21789572956;unclear;53,9080159077
2018-12-12-15-51-08;MSW1998w;44;Speed-up;KDE 45;1,21789572956;left;53,9246677713
2018-12-12-15-51-08;MSW1998w;44;Speed-up;KDE 45;1,21789572956;end of the block;60,0127175518
2018-12-12-15-51-08;MSW1998w;45;Speed-up;NC;1,35877015284;right;0,467142851811
2018-12-12-15-51-08;MSW1998w;45;Speed-up;NC;1,35877015284;unclear;7,95634627417
2018-12-12-15-51-08;MSW1998w;45;Speed-up;NC;1,35877015284;left;7,95644174755
2018-12-12-15-51-08;MSW1998w;45;Speed-up;NC;1,35877015284;unclear;10,5749406945
2018-12-12-15-51-08;MSW1998w;45;Speed-up;NC;1,35877015284;right;10,5915552396
2018-12-12-15-51-08;MSW1998w;45;Speed-up;NC;1,35877015284;left;16,4460345272
2018-12-12-15-51-08;MSW1998w;45;Speed-up;NC;1,35877015284;unclear;19,6985497998
2018-12-12-15-51-08;MSW1998w;45;Speed-up;NC;1,35877015284;right;19,7318678325
2018-12-12-15-51-08;MSW1998w;45;Speed-up;NC;1,35877015284;unclear;21,149645349
2018-12-12-15-51-08;MSW1998w;45;Speed-up;NC;1,35877015284;left;21,1997166275
2018-12-12-15-51-08;MSW1998w;45;Speed-up;NC;1,35877015284;unclear;22,9843793733
2018-12-12-15-51-08;MSW1998w;45;Speed-up;NC;1,35877015284;right;23,0010483413
2018-12-12-15-51-08;MSW1998w;45;Speed-up;NC;1,35877015284;left;25,3028406285
2018-12-12-15-51-08;MSW1998w;45;Speed-up;NC;1,35877015284;unclear;28,3218787046
2018-12-12-15-51-08;MSW1998w;45;Speed-up;NC;1,35877015284;right;28,3551712363
2018-12-12-15-51-08;MSW1998w;45;Speed-up;NC;1,35877015284;unclear;34,5266196577
2018-12-12-15-51-08;MSW1998w;45;Speed-up;NC;1,35877015284;left;34,5599675453
2018-12-12-15-51-08;MSW1998w;45;Speed-up;NC;1,35877015284;unclear;36,0777585587
2018-12-12-15-51-08;MSW1998w;45;Speed-up;NC;1,35877015284;right;36,1110846771
2018-12-12-15-51-08;MSW1998w;45;Speed-up;NC;1,35877015284;unclear;38,9137523962
2018-12-12-15-51-08;MSW1998w;45;Speed-up;NC;1,35877015284;left;38,9466104773
2018-12-12-15-51-08;MSW1998w;45;Speed-up;NC;1,35877015284;unclear;45,1680175994
2018-12-12-15-51-08;MSW1998w;45;Speed-up;NC;1,35877015284;right;45,1847142454
2018-12-12-15-51-08;MSW1998w;45;Speed-up;NC;1,35877015284;unclear;51,6898974858
2018-12-12-15-51-08;MSW1998w;45;Speed-up;NC;1,35877015284;left;51,7065129639
2018-12-12-15-51-08;MSW1998w;45;Speed-up;NC;1,35877015284;unclear;53,4577040487
2018-12-12-15-51-08;MSW1998w;45;Speed-up;NC;1,35877015284;right;53,5077899436
2018-12-12-15-51-08;MSW1998w;45;Speed-up;NC;1,35877015284;unclear;59,1120543383
2018-12-12-15-51-08;MSW1998w;45;Speed-up;NC;1,35877015284;left;59,1287133547
2018-12-12-15-51-08;MSW1998w;45;Speed-up;NC;1,35877015284;end of the block;60,0127564253
